Name,stem,correct_response,response_b,response_c,response_d,best Jasmine,best Julian,best item Josh,agreement,Inferential difficulty,Stem Words,Distractor Difficulty,Background Knowledge,_merge,target_n,strata,proximity_awl,polysemy_awl,frequency_awl,diversity_awl,complexity_awl,tag,Difficulty of other words in stem,Required Background
cymbal,The drummer added a quick crash of the CYMBAL to emphasize the dramatic end to the piece.,gong,drumstick,piano,clarinet,,,,,,,,,Matched (3),6,111,-0.16573361,-1.640889,-2.631809,-1.809988,-1.017489,,,
dethrone,"After a series of defeats, the once-mighty king was finally DETHRONED by his enemies.",removed,celebrated,assisted,reinforced,,,,,,,,,Matched (3),3,210,-0.2941294,-1.885605,-2.9452879,-0.86619103,-0.20166969,,,
maser,Her GALLANTRY in facing the difficult situation was admired by everyone in the community.,courage,confusion,frustration,uncertainty,error,,"error, gallantry",,,,,,Matched (3),6,10,-0.33237791,-2.029043,-2.793901,-2.6734631,1.335739,,,
codebook,"Before starting their analysis, the scientists studied the CODEBOOK to become familiar with the terminology used.",glossary,anthology,mixture,device,,,,,,,,,Matched (3),3,204,11.84046,0.056676898,-3.736362,-4.030724,-1.861369,,,
warden,The geologist explained that the layers within the SANDSTONE were formed over millions of years by sediment deposition.,sedimentary rock,igneous rock,metamorphic rock,pumice,,,,,,,,,Matched (3),6,142,0.62585622,-1.1244251,-0.79612571,-1.023279,-1.150146,,,
newsgroup,Alex spent hours each day reading posts and engaging in discussions on the NEWGROUP related to his favorite hobby.,forum,article,journal,newsletter,error,,,,,,,,Matched (3),1,313,-0.1684902,-0.53684568,-3.0395761,-3.9820509,1.509396,,,
statehood,,,,,,,,,,,,,,Master only (1),1,331,-0.30695841,-1.797176,-1.691946,-2.2228019,0.076111801,,,
boathouse,"After a long day on the lake, the fishermen returned their boat to the BOATHOUSE.",pier,restaurant,station,shed,best,,,,,,,,Matched (3),1,321,-0.26764661,-1.670868,-2.0409291,-2.2896399,-0.28770381,,,
conscientious,"Sarah was very CONSCIENTIOUS in her preparation for the exam, ensuring she reviewed all the course material thoroughly.",diligent,careless,hesitant,quick,,,,,,,,,Matched (3),3,442,-0.37063631,-0.95450288,-1.02028,0.67162228,1.7615319,,,
reparation,"After the extensive damage caused by the hurricane, the government promised financial REPARATION to the affected communities.",compensation,negligence,appointment,ceremony,best,,,,,,,,Matched (3),2,424,-0.1043145,0.1304138,-2.445926,-2.0322931,0.13727389,,,
dethrone,Many believe that the reigning champion will be DETHRONED in the upcoming match.,unseated,promoted,cheered,followed,,,,,,,,,Matched (3),2,210,-0.2941294,-1.885605,-2.9452879,-0.86619103,-0.20166969,,,
contour,"The hiker's map showed every CONTOUR of the mountain terrain, making it easy to plan his route.",outline,peak,forest,rock,,,,,,,,,Matched (3),4,144,-0.28759351,0.49197999,-0.83968961,-0.6492542,-0.63873678,,,
fanatic,The politician's proposals appealed to a small but vocal group of FANATICs.,extremists,participants,observers,voters,,best,,,,,,,Matched (3),2,133,-0.26747099,-0.75783157,-1.133706,-0.40174481,-0.4188486,,,
cockeyed,"After assembling the table, it was evident that the legs were COCKEYED and uneven.",askew,sturdy,balanced,aligned,,,,,,,,,Matched (3),2,213,-0.040678699,-0.76759988,-2.758297,-1.814664,-0.54790318,,,
chairman,The CHAIRMAN thanked all the stakeholders for their continued support and cooperation.,president,clerk,visitor,observer,,,,,,,,,Matched (3),1,242,-0.1185334,-1.19092,0.41878209,-0.031857401,-0.3334876,,,
maser,The soldier's GALLANTRY on the battlefield earned him a prestigious medal.,bravery,clumsiness,hesitation,fear,error,,"error, gallantry",,,,,,Matched (3),4,10,-0.33237791,-2.029043,-2.793901,-2.6734631,1.335739,,,
flatfoot,"Losing his balance, he stumbled like a true FLATFOOT at the dance competition.",clumsy person,seasoned dancer,enthusiastic spectator,experienced judge,,,,,,,,,Matched (3),2,202,-0.2466592,-1.381254,-3.907021,-2.541116,-0.0142465,,,
furl,"After the ceremony, the scouts began to FURL the flag with great care.",roll up,raise,clean,wave,,,,,,,,,Matched (3),6,2,4.4475169,-1.202444,-3.6364181,-1.876068,-2.0004311,,,
sexist,The legislation aimed to address SEXIST practices in the workplace.,biased,innovative,popular,routine,best,,,,,,,,Matched (3),2,132,-0.0820399,-0.92341328,-1.278107,-2.145349,-0.62240058,,,
cuisine,"The restaurant is known for its exceptional Italian CUISINE, which includes a variety of handmade pasta and wood-fired pizzas.",food,decoration,furniture,service,,,,,,,,,Matched (3),3,131,-0.27762479,-1.787961,-1.220778,-3.407022,-0.61102748,,,
leukemia,"Despite the PLAINNESS of the dress, it had a certain elegance that captivated everyone.",simplicity,extravagance,colorfulness,intricacy,low valence,,"error, plainness",,,,,,Matched (3),2,240,-0.31665069,-2.0527489,-1.097963,-4.2865329,0.1438029,,,
leukemia,The PLAINNESS of the room made it feel cold and uninviting.,simplicity,brightness,complexity,warmth,low valence,,"error, plainness",,,,,,Matched (3),6,240,-0.31665069,-2.0527489,-1.097963,-4.2865329,0.1438029,,,
illusionist,"As an experienced ILLUSIONIST, she was able to create the perfect distraction to pull off her trick.",conjurer,performer,musician,sculptor,,,,,,,,,Matched (3),6,411,-0.3273052,-1.594017,-2.8522689,-4.0830188,0.95325023,,,
lonesomeness,"After moving to a new city, Sarah often felt an overwhelming sense of LONESOMENESS.",solitude,excitement,adventure,contentment,best,,,,,,,,Matched (3),1,401,-0.1599735,-1.621555,-4.5216379,-1.475298,-1.353377,,,
connive,"When the children conspired to sneak out of the house, they had to CONNIVE to avoid getting caught by their parents.",conspire,argue,greet,report,,,,,,,,,Matched (3),1,103,-0.26315349,-0.86938512,-3.664176,-2.0236249,-0.84021032,,,
cockeyed,Her plans for the weekend were so COCKEYED that no one could take them seriously.,absurd,organized,logical,thrilling,,,,,,,,,Matched (3),3,213,-0.040678699,-0.76759988,-2.758297,-1.814664,-0.54790318,,,
cock,He always had to COCK his hat at a jaunty angle before leaving the house.,tilt,clean,remove,straighten,,,,,,,,,Matched (3),6,44,7.8873739,1.550397,-0.51192141,-1.025781,-2.303277,,,
fairlead,"The sailor adjusted the rope, ensuring it ran smoothly through the FAIRLEAD on the deck.",pulley,anchor,mast,compass,,,,,,,,,Matched (3),6,201,-0.1886946,-1.80564,-4.6749678,-2.15169,-1.2429529,,,
camion,"During the harvest season, a CAMION full of fresh produce arrives at the market daily.",lorry,van,basket,crate,,,,,,,,,Matched (3),2,100,-0.2961998,-1.921082,-4.548708,-4.2347031,0.1059327,,,
wormhole,"In the movie, the astronauts enter a WORMHOLE to explore a distant galaxy, hoping it will lead to habitable planets.",passage,crater,device,adventure,best,,,,,,,,Matched (3),3,221,-0.2941111,-1.735162,-2.118541,-2.258543,-0.16423281,,,
furl,The campground guide instructed everyone to FURL their tents before leaving.,pack up,set up,inspect,clean,best,,,,,,,,Matched (3),2,2,4.4475169,-1.202444,-3.6364181,-1.876068,-2.0004311,,,
warden,The WARDEN of the wildlife reserve was pleased to see an increase in the population of endangered species.,guardian,predator,tourist,scientist,best,,,,,,,,Matched (3),6,142,0.62585622,-1.1244251,-0.79612571,-1.023279,-1.150146,,,
bulgy,"After the long hike, her eyes were BULGY from lack of sleep.",swollen,cheerful,radiant,sleepy,,,,,,,,,Matched (3),1,0,1.012418,-2.1170831,-3.63605,-2.3103111,-1.1563129,,,
qualified,"After years of study and practice, she finally felt QUALIFIED to lead the complex project.",competent,interested,anxious,puzzled,,,,,,,,,Matched (3),3,344,0.96425962,1.049781,0.42407101,0.33706129,0.075604998,,,
predictor,The results of this study are seen as a strong PREDICTOR of future economic trends.,indicator,component,participant,outcome,,,,,,,,,Matched (3),2,333,-0.27627951,-0.7265473,-1.421664,-2.082128,0.088023998,,,
furl,"Before the storm hit, the sailors needed to FURL the sails to prevent any damage.",wrap up,hoist,sew,mend,,,,,,,,,Matched (3),3,2,4.4475169,-1.202444,-3.6364181,-1.876068,-2.0004311,,,
cuisine,His interest in French CUISINE led him to enroll in a prestigious cooking school in Paris.,cooking,culture,art,language,,,,,,,,,Matched (3),1,131,-0.27762479,-1.787961,-1.220778,-3.407022,-0.61102748,,,
sandstone,"The ancient cliff dwellings were composed of soft, easily eroded SANDSTONE.",sedimentary rock,granite,marble,quartz,,best,,,,,,,Matched (3),5,142,0.62585622,-1.1244251,-0.79612571,-1.023279,-1.150146,,,
lethal,"The spider's bite proved to be LETHAL to its prey, causing it to die within minutes.",deadly,mild,soothing,annoying,low valence,,,,,,,,Matched (3),3,140,-0.24656171,-1.909003,-0.7158286,-0.34009531,-1.0112211,,,
absurd,It seemed ABSURD to wear a coat in the middle of summer.,nonsensical,stylish,elegant,traditional,best,,,,,,,,Matched (3),1,143,-0.27547029,-0.33618081,-0.1334749,0.4164384,-0.9263159,,,
scrubwoman,The SCRUBWOMAN worked diligently to ensure that the office floors were spotless by morning.,cleaner,secretary,manager,designer,,,,,,,,,Matched (3),1,402,-0.30636829,-1.224812,-4.7836251,-1.54872,1.176652,,,
alternator,The mechanic discovered that the car wasn't starting because the ALTERNATOR was faulty.,generator,accelerator,battery,ignition,,best,best,2,,,,,Matched (3),5,420,-0.30819201,-1.872191,-1.969198,-5.0392842,0.71599817,,,
lethal,Handling the unknown chemical without proper gear could result in LETHAL consequences.,life-threatening,trivial,inconsequential,irrelevant,low valence,,,,,,,,Matched (3),1,140,-0.24656171,-1.909003,-0.7158286,-0.34009531,-1.0112211,,,
fanatic,Joan was such a FANATIC about fitness that she never missed a day at the gym.,enthusiast,skeptic,teacher,beginner,best,,,,,,,,Matched (3),3,133,-0.26747099,-0.75783157,-1.133706,-0.40174481,-0.4188486,,,
furl,The campground guide instructed everyone to FURL their tents before leaving.,pack up,set up,inspect,clean,best,best,,2,,,,,Matched (3),2,2,4.4475169,-1.202444,-3.6364181,-1.876068,-2.0004311,,,
ravishing,"Her performance as Juliet was RAVISHING, leaving the audience in awe.",enchanting,disappointing,ordinary,lengthy,best,,,,,,,,Matched (3),1,323,0.3565619,-0.67593253,-2.368639,-1.276878,-0.090618499,,,
oxbow,"The dramatic OXBOW in the river was a favorite spot for photographers, capturing the natural beauty of its sweeping curves.",bend,ridge,island,plateau,best,,,,,,,,Matched (3),3,3,3.9361429,-0.77629578,-3.584527,-4.413981,0.34657359,,,
misspent,She felt that her talents were MISSPENT in a job that didn't challenge her creatively.,squandered,developed,nurtured,respected,best,,,,,,,,Matched (3),2,212,-0.2478219,-1.4000469,-3.0503819,-2.6606159,0.126407,,,
horticultural,"She pursued a HORTICULTURAL career, focusing on landscape design and plant care.",gardening,technical,medical,artistic,best,,,,,,,,Matched (3),3,431,-0.2615549,-1.680624,-1.854432,-1.926352,-0.73360699,,,
camion,The workers used a large CAMION to transport the construction materials to the site.,truck,vehicle,tool,machine,,best,,,,,,,Matched (3),3,100,-0.2961998,-1.921082,-4.548708,-4.2347031,0.1059327,,,
ravishing,"Her performance as Juliet was RAVISHING, leaving the audience in awe.",enchanting,disappointing,ordinary,lengthy,best,best,,2,,,,,Matched (3),6,323,0.3565619,-0.67593253,-2.368639,-1.276878,-0.090618499,,,
heckle,"The fans started to HECKLE the opposing team from the stands, making it hard for the players to focus.",harass,encourage,silence,listen,,,,,,,,,Matched (3),6,113,0.63807422,-0.8503564,-2.972322,-0.79170609,-1.241866,,,
arthritis,The doctor recommended certain exercises to help alleviate the symptoms of ARTHRITIS.,inflammation,infection,dehydration,fatigue,,,,,,,,,Matched (3),3,340,-0.12660851,-1.904723,-0.84712368,-2.304491,0.4428041,,,
illusionist,The ILLUSIONIST captivated the audience with his mind-bending tricks and sleights of hand.,magician,actor,dancer,painter,best,,,,,,,,Matched (3),2,411,-0.3273052,-1.594017,-2.8522689,-4.0830188,0.95325023,,,
revealer,"In her speech, the whistleblower became the REVEALER of the company's fraudulent activities.",exposer,announcer,defender,admirer,best,,,,,,,,Matched (3),3,203,0.34346351,-0.29340589,-3.548661,-3.526083,-0.21713629,,,
krill,"The arctic waters are teeming with KRILL, which serves as a primary food source for many marine animals.",crustaceans,fish,corals,shells,,,,,,,,,Matched (3),6,20,-0.34873489,-2.2134731,-2.2394321,-4.1432748,1.261026,,,
tabernacle,,,,,,,,,,,,,,Using only (2),6,0,0,0,0,0,0,,,
indelicate,"In a moment of INDELICATE honesty, he revealed what he truly thought about his boss's proposal.",insensitive,delightful,articulate,vague,,,,,,,,,Matched (3),3,412,-0.29936731,-0.95933622,-3.2068291,-2.4164979,0.70149249,,,
jag,"After a three-day JAG of playing video games, Marcus finally decided to go outside and get some fresh air.",spree,break,period,task,,,,,,,,,Matched (3),3,4,12.20553,0.15818051,-4.1214519,-2.702574,-2.1945961,,,
maser,Her GALLANTRY in facing the difficult situation was admired by everyone in the community.,courage,confusion,frustration,uncertainty,error,,"error, gallantry",,,,,,Matched (3),6,10,-0.33237791,-2.029043,-2.793901,-2.6734631,1.335739,,,
leukemia,"LEUKEMIA is a type of illness that affects the blood and bone marrow, often requiring complex treatment.",blood cancer,influenza,bronchitis,migraine,low valence,,best,,,,,,Matched (3),3,240,-0.31665069,-2.0527489,-1.097963,-4.2865329,0.1438029,,,
heroin,The rising number of overdoses in the city has been attributed to the increase in HEROIN use.,narcotic,aspirin,vitamin,beverage,low valence,,,,,,,,Matched (3),2,141,0.31694669,-1.678611,-0.46049181,-3.16364,-0.96431422,,,
prior,The regulations require that any changes be approved by the committee PRIOR to implementation.,before,along,regarding,despite,,,,,,,,,Matched (3),3,43,-0.098242998,-0.36258131,0.88622171,1.053866,-1.584538,,,
urbane,The diplomat's URBANE manner made negotiations smoother and more pleasant.,sophisticated,rough,awkward,simplistic,best,,,,,,,,Matched (3),1,120,0.1370928,-1.99813,-2.3231399,-0.77313328,-1.097759,,,
larval,"The scientific study focused on the LARVAL stage of butterflies, an essential period before they become adults.",juvenile,mature,ancient,complete,best,,,,,,,,Matched (3),2,122,0.41066369,-1.021612,-2.038965,-3.3829,-1.004505,,,
opulence,The palace's grandeur and OPULENCE were apparent in every gilded room and ornate hall.,luxury,simplicity,cleanliness,modesty,,,,,,,,,Matched (3),2,222,-0.27608979,-1.456144,-2.3709819,-1.408294,0.075805902,,,
qualified,Only those with at least five years of experience are considered QUALIFIED for this senior position.,eligible,eager,relieved,busy,,best,,,,,,,Matched (3),6,344,0.96425962,1.049781,0.42407101,0.33706129,0.075604998,,,
boathouse,The couple rented a BOATHOUSE to enjoy their vacation by the river.,marina,hotel,apartment,chalet,,,,,,,,,Matched (3),2,321,-0.26764661,-1.670868,-2.0409291,-2.2896399,-0.28770381,,,
lethal,"The spider's bite proved to be LETHAL to its prey, causing it to die within minutes.",deadly,mild,soothing,annoying,low valence,,,,,,,,Matched (3),3,140,-0.24656171,-1.909003,-0.7158286,-0.34009531,-1.0112211,,,
heroin,Health officials are concerned about the surge in HEROIN addiction among teenagers.,narcotic,caffeine,medication,snacks,low valence,,,,,,,,Matched (3),6,141,0.31694669,-1.678611,-0.46049181,-3.16364,-0.96431422,,,
gumbo,"At the family gathering, everyone savored the hearty bowl of GUMBO.",stew,salad,dessert,sandwich,best,,,,,,,,Matched (3),3,24,0.38425121,-0.2290304,-1.924482,-3.98806,-1.130899,,,
shallows,She carefully navigated her boat through the SHALLOWS to avoid getting stuck.,shallows,open sea,whirlpool,current,error,,,,,,,,Matched (3),2,224,-0.23383801,-0.1288913,-2.393662,-1.003582,-0.66908282,,,
alternator,"When the headlights began to dim, he knew the problem was most likely a failing ALTERNATOR.",generator,carburetor,muffler,brake,,,,,,,,,Matched (3),3,420,-0.30819201,-1.872191,-1.969198,-5.0392842,0.71599817,,,
horticultural,The university offers a variety of HORTICULTURAL programs to teach students about plant cultivation and garden management.,gardening,historical,mathematical,musical,,,,,,,,,Matched (3),1,431,-0.2615549,-1.680624,-1.854432,-1.926352,-0.73360699,,,
krill,Whales often feed on vast swarms of KRILL in the ocean.,shrimp,algae,plankton,seaweed,best,,,,,,,,Matched (3),2,20,-0.34873489,-2.2134731,-2.2394321,-4.1432748,1.261026,,,
bile,The doctor's report indicated that excessive production of BILE can lead to digestive problems.,gall,urine,saliva,blood,,,,,,,,,Matched (3),6,32,9.9766979,-1.16453,-1.22528,-2.910171,-2.1054249,,,
newsgroup,The company's marketing team decided to promote their latest product on a technology NEWGROUP.,forum,report,presentation,broadcast,error,,,,,,,,Matched (3),3,313,-0.1684902,-0.53684568,-3.0395761,-3.9820509,1.509396,,,
glum,The team was feeling GLUM after losing the championship game.,dejected,joyful,energetic,hopeful,,,,,,,,,Matched (3),3,22,2.5134561,-0.93412977,-2.116667,-0.75670159,-1.780383,,,
gallantry,,,,,,,,,,,,,,Master only (1),1,324,0.3305549,-0.14660791,-2.2786479,-0.96221977,0.2479472,,,
scrubwoman,"As the SCRUBWOMAN went about her tasks, she silently hummed a cheerful tune.",janitor,accountant,supervisor,receptionist,best,,,,,,,,Matched (3),3,402,-0.30636829,-1.224812,-4.7836251,-1.54872,1.176652,,,
siege,"During the SIEGE, the defenders tried to negotiate terms of surrender with the besieging army.",blockade,festival,expedition,reconstruction,,,,,,,,,Matched (3),1,42,1.2399991,-1.067807,-0.54198372,-0.71689749,-1.78505,,,
mousy,"Despite her talent, Lily often felt overshadowed as her more outspoken friends considered her too MOUSY to make an impact.",timid,confident,creative,loud,,,best,,,,,,Matched (3),6,13,0.89446092,-0.3272649,-2.6498239,-1.124418,-1.435003,,,
trait,Creativity is a TRAIT commonly found among artists and innovators.,quality,role,activity,action,,,,,,,,,Matched (3),2,41,1.508086,-1.588469,-0.40775961,-0.34008011,-1.716779,,,
drowse,"During the long lecture, several students began to DROWSE.",nod off,write,question,listen,,,,,,,,,Matched (3),2,104,0.76799208,-0.2653406,-3.840909,-2.2172611,-1.492648,,,
courtyard,We enjoyed our morning coffee in the quiet COURTYARD away from the noise of the street.,quad,office,rooftop,sidewalk,,,,,,,,,Matched (3),3,341,-0.30782959,-1.686005,-0.46833819,-0.76049489,0.28262949,,,
protrusion,The PROTRUSION on the surface of the table made it difficult to write smoothly.,lump,depression,stain,design,,,,,,,,,Matched (3),3,413,-0.31331891,-0.86186528,-2.84198,-3.8400431,0.47545919,,,
depiction,The book's DEPICTION of rural life in the 19th century is both poignant and thorough.,illustration,celebration,disruption,commentary,,,,,,,,,Matched (3),6,334,-0.291242,0.1579157,-1.692847,-2.6202991,-0.031723399,,,
cuisine,His interest in French CUISINE led him to enroll in a prestigious cooking school in Paris.,cooking,culture,art,language,,,,,,,,,Matched (3),6,131,-0.27762479,-1.787961,-1.220778,-3.407022,-0.61102748,,,
guerrilla,The revolutionary wave gained strength thanks to the relentless efforts of the GUERRILLA movement.,insurgent,commanding,structured,diplomatic,low valence,,,,,,,,Matched (3),1,342,-0.33313689,-1.17221,-0.70110953,-1.929737,-0.018197101,,,
jovial,The JOVIAL atmosphere of the party made everyone feel welcome and happy.,festive,tense,somber,quiet,,,,,,,,,Matched (3),3,130,0.3572045,-1.879122,-1.832177,-0.83017749,-0.6918866,,,
drowse,"After a big meal, he couldn't help but DROWSE in the comfy armchair.",doze,eat,read,cry,best,,,,,,,,Matched (3),6,104,0.76799208,-0.2653406,-3.840909,-2.2172611,-1.492648,,,
trine,"Astrologers believe that when a TRINE occurs, it often signifies a period of harmony and balance.",conjunction,conflict,separation,growth,,,,,,,,,Matched (3),6,1,-0.2784304,-1.69938,-4.7801962,-3.144105,-0.17243171,,,
jag,"After a three-day JAG of playing video games, Marcus finally decided to go outside and get some fresh air.",spree,break,period,task,,,best,,,,,,Matched (3),3,4,12.20553,0.15818051,-4.1214519,-2.702574,-2.1945961,,,
illusionist,The ILLUSIONIST captivated the audience with his mind-bending tricks and sleights of hand.,magician,actor,dancer,painter,best,best,best,3,,,,,Matched (3),2,411,-0.3273052,-1.594017,-2.8522689,-4.0830188,0.95325023,,,
maser,The MASER technology has greatly advanced our ability to amplify microwave signals with high precision.,amplifier,recorder,generator,filter,error,,,,,,,,Matched (3),2,10,-0.33237791,-2.029043,-2.793901,-2.6734631,1.335739,,,
arthritis,Maria often experiences joint pain and stiffness due to her ARTHRITIS.,inflammation,sprain,fracture,bruise,best,,,,,,,,Matched (3),5,340,-0.12660851,-1.904723,-0.84712368,-2.304491,0.4428041,,,
qualified,"After years of study and practice, she finally felt QUALIFIED to lead the complex project.",competent,interested,anxious,puzzled,,,,,,,,,Matched (3),3,344,0.96425962,1.049781,0.42407101,0.33706129,0.075604998,,,
bile,The doctor's report indicated that excessive production of BILE can lead to digestive problems.,gall,urine,saliva,blood,,best,,,,,,,Matched (3),1,32,9.9766979,-1.16453,-1.22528,-2.910171,-2.1054249,,,
revealer,The archaeologist was thrilled to be the REVEALER of the ancient tomb's hidden treasures.,unveiler,guard,explorer,visitor,,,,,,,,,Matched (3),2,203,0.34346351,-0.29340589,-3.548661,-3.526083,-0.21713629,,,
twain,"The poet famously wrote about the day when the lovers would be together again, no longer separated by TWAIN roads.",two,winding,narrow,dusty,,,,,,,,,Matched (3),3,31,-0.2780019,-1.531244,-1.344256,-0.1242228,0.54951268,,,
contour,The makeup artist used different shades to highlight and define the CONTOUR of her cheekbones.,shape,sparkle,hue,length,best,,,,,,,,Matched (3),3,144,-0.28759351,0.49197999,-0.83968961,-0.6492542,-0.63873678,,,
mulishness,Her MULE refusal to compromise strained relationships within the team.,intransigence,generosity,cooperation,unpredictability,,,,,,,,,Matched (3),2,404,10.08358,0.66707069,-4.8308201,-1.616565,-1.0847991,,,
proportionate,The amount of water used should be PROPORTIONATE to the number of plants in the garden.,corresponding,excessive,minimal,random,,,,,,,,,Matched (3),1,433,-0.3325581,-0.44431701,-1.646377,0.27366021,1.445199,,,
tote,She decided to TOTE all the groceries in a reusable bag instead of using plastic bags.,carry,cook,sell,store,best,,,,,,,,Matched (3),1,33,7.4764848,-0.80139607,-1.6799819,-2.800555,-2.0980661,,,
vodka,,,,,,,,,,,,,,Matched (3),2,40,-0.26617149,-1.936461,-0.93656182,-2.0647719,-0.99949259,,,
opulence,"Despite the city's economic challenges, the downtown area was a beacon of OPULENCE and prosperity.",wealth,poverty,decay,neutrality,,,,,,,,,Matched (3),6,222,-0.27608979,-1.456144,-2.3709819,-1.408294,0.075805902,,,
readership,Her CAREFREE attitude towards life often made her the center of attention at gatherings.,subscribers,printers,editors,revenue,,,,,,,,,Matched (3),6,430,0.31258231,-1.973892,-1.804208,-2.4449971,0.4270142,,,
devour,"After the long hike, the campers sat by the fire to DEVOUR their dinner.",gobble,discuss,examine,scatter,,,,,,,,,Matched (3),2,134,0.55286598,0.1453242,-1.417629,0.0264236,-1.0401241,,,
readership,Her CAREFREE attitude towards life often made her the center of attention at gatherings.,followers,articles,contributors,format,,error,,,,,,,Matched (3),2,430,0.31258231,-1.973892,-1.804208,-2.4449971,0.4270142,,,
warden,The PRISON'S WARDEN announced new policies to improve inmate rehabilitation programs.,superintendent,prisoner,visitor,officer,,,,,,,,,Matched (3),3,142,0.62585622,-1.1244251,-0.79612571,-1.023279,-1.150146,,,
uncivilized,"The explorers encountered an UNCIVILIZED tribe in the dense jungle, one that had never had contact with the outside world.",barbaric,modern,tidy,friendly,,,,,,,,,Matched (3),3,421,-0.142992,-1.708593,-1.973217,-0.94818372,1.2863261,,,
oxbow,"The river carved out an OXBOW over centuries, creating a unique u-shaped bend.",meander,cliff,waterfall,delta,,,,,,,,,Matched (3),2,3,3.9361429,-0.77629578,-3.584527,-4.413981,0.34657359,,,
maintain,The engineer assured that they would MAINTAIN the bridge to prevent any accidents.,preserve,neglect,destroy,construct,best,,,,,,,,Matched (3),2,244,-0.2935206,1.158138,1.227385,1.317452,-0.53492612,,,
hieroglyphic,The ancient Egyptians used a complex system of HIEROGLYPHIC symbols to write on temple walls.,pictorial,numeric,modern,auditory,best,,,,,,,,Matched (3),2,414,-0.37601879,-0.2375336,-2.7388,-0.89305788,1.743057,,,
paranoid,"The doctor assured her that there was nothing to worry about, but she remained PARANOID.",fearful,relaxed,cheerful,indifferent,,best,,,,,,,Matched (3),3,243,0.3343578,-0.88213903,-0.83828598,-1.888139,0.0072689,,,
cymbal,"In the rock band's energetic finale, the drummer's rhythmic hits on the CYMBAL echoed through the stadium.",gong,microphone,bass,keyboard,,,,,,,,,Matched (3),3,111,-0.16573361,-1.640889,-2.631809,-1.809988,-1.017489,,,
surveillance,The government used advanced technology for SURVEILLANCE to keep an eye on potential threats.,observation,communication,negotiation,legislation,,,,,,,,,Matched (3),2,441,-0.3610445,-1.722721,-0.38584459,-0.4838253,1.111349,,,
warden,"After months of careful planning, the WARDEN successfully implemented a new security system.",administrator,guard,janitor,technician,,,,,,,,,Matched (3),4,142,0.62585622,-1.1244251,-0.79612571,-1.023279,-1.150146,,,
cosmology,The book on COSMOLOGY provided an in-depth understanding of the universe’s evolution from the Big Bang to the present day.,astrophysics,biology,sociology,archaeology,,,,,,,,,Matched (3),1,332,-0.33200139,-0.91608858,-1.528409,-2.5938151,0.7309643,,,
divvy,The team leader asked everyone to DIVVY the workload to ensure the project meets its deadline.,apportion,delay,create,understand,,,,,,,,,Matched (3),3,11,-0.0276288,-1.5388,-3.0263779,-3.5673699,-1.386676,,,
frontage,The new restaurant boasts a stunning FRONTAGE that attracts many customers.,facade,menu,kitchen,staff,,,,,,,,,Matched (3),2,223,-0.27875519,-0.46103421,-2.41435,-3.060307,-0.2178272,,,
proportionate,Her salary increase was PROPORTIONATE to her contribution to the project.,equivalent,irrelevant,minor,unexpected,,,,,,,,,Matched (3),2,433,-0.3325581,-0.44431701,-1.646377,0.27366021,1.445199,,,
frontage,The store's charming FRONTAGE was decorated with festive lights for the holidays.,facade,sale,inventory,display,best,,,,,,,,Matched (3),3,223,-0.27875519,-0.46103421,-2.41435,-3.060307,-0.2178272,,,
scald,The chef quickly learned that it was easy to SCALD the milk if he wasn't attentive.,overheat,stir,cool,smell,,best,,,,,,,Matched (3),3,14,1.29459,0.80656302,-2.6992359,-2.331425,-1.525347,,,
lonesomeness,"During the long winter nights, the shepherd kept the wolves at bay but couldn't escape the LONESOMENESS.",seclusion,boredom,excitement,companionship,,,,,,,,,Matched (3),3,401,-0.1599735,-1.621555,-4.5216379,-1.475298,-1.353377,,,
guardroom,The prisoner was taken to the GUARDROOM for interrogation after being captured.,watchroom,hall,classroom,office,error,,,,,,,,Matched (3),3,302,-0.27856901,-1.398705,-4.6881781,-2.972898,0.0422123,,,
mediator,"During the heated debate, the MEDIATOR helped both sides come to a compromise.",arbitrator,contender,observer,speaker,best,best,,2,,,,,Matched (3),1,231,-0.30773479,-1.792081,-1.3964241,-0.77936947,0.1506812,,,
cuisine,"When traveling to different countries, it's always exciting to try the local CUISINE and experience new flavors.",dishes,landmarks,customs,traditions,best,,,,,,,,Matched (3),2,131,-0.27762479,-1.787961,-1.220778,-3.407022,-0.61102748,,,
larval,"The scientific study focused on the LARVAL stage of butterflies, an essential period before they become adults.",juvenile,mature,ancient,complete,best,,,,,,,,Matched (3),2,122,0.41066369,-1.021612,-2.038965,-3.3829,-1.004505,,,
arthritis,ARTHRITIS can cause significant discomfort and impact the quality of life of those who suffer from it.,inflammation,congestion,abrasion,curvature,,,,,,,,,Matched (3),1,340,-0.12660851,-1.904723,-0.84712368,-2.304491,0.4428041,,,
tsar,She would often GNASH her teeth in her sleep due to stress.,grind,hum,breathe,talk,,,,,,,,,Matched (3),2,21,0.89326721,-1.817312,-2.026294,-3.3477709,-1.858747,,,
beachhead,The army established a BEACHHEAD on the coast to ensure a safe landing for additional troops.,foothold,departure,heiress,flyer,best,,,,,,,,Matched (3),1,322,-0.28824481,-1.039831,-2.437325,-1.92375,-0.073112398,,,
reassert,"After the initial confusion, the leader quickly moved to REASSERT his authority over the team.",reaffirm,question,enhance,diminish,,,best,,,,,,Matched (3),6,220,-0.29090121,-2.0211029,-2.339967,-0.56720769,-0.2306108,,,
carefree,Her CAREFREE attitude towards life often made her the center of attention at gatherings.,untroubled,meticulous,cautious,gloomy,,,,,,,,,Matched (3),2,232,-0.2708315,-1.257787,-1.356995,0.53463179,-0.18780109,,,
womenfolk,"During the gathering, the men discussed politics while the WOMENFOLK shared family stories and recipes.",ladies,youngsters,scholars,musicians,,,,,,,,,Matched (3),2,310,-0.32431629,-2.1497171,-2.9336181,-2.129437,0.66396731,,,
guardroom,The soldiers gathered in the GUARDROOM to plan their next move.,watchroom,kitchen,library,garden,error,,,,,,,,Matched (3),2,302,-0.27856901,-1.398705,-4.6881781,-2.972898,0.0422123,,,
drowse,"After a big meal, he couldn't help but DROWSE in the comfy armchair.",doze,eat,read,cry,best,,best,2,,,,,Matched (3),1,104,0.76799208,-0.2653406,-3.840909,-2.2172611,-1.492648,,,
boathouse,We decided to store our canoe in the BOATHOUSE for the winter to keep it safe.,dock,garage,barn,basement,,best,,,,,,,Matched (3),4,321,-0.26764661,-1.670868,-2.0409291,-2.2896399,-0.28770381,,,
thoroughly,She reviewed her essay THOROUGHLY before submitting it to her professor.,meticulously,briefly,casually,occasionally,,,,,,,,,Matched (3),2,443,-0.3255941,-0.57954389,0.44315171,1.278632,0.1368884,,,
cymbal,"During the orchestra's performance, the percussionist struck the CYMBAL with great force, producing a loud, crashing sound.",gong,guitar,violin,trumpet,best,,,,,,,,Matched (3),2,111,-0.16573361,-1.640889,-2.631809,-1.809988,-1.017489,,,
bile,His face turned red with BILE when he heard the unfair accusation.,anger,fear,joy,sorrow,,,,,,,,,Matched (3),5,32,9.9766979,-1.16453,-1.22528,-2.910171,-2.1054249,,,
reassert,The company had to REASSERT its commitment to sustainability after facing severe public criticism.,reiterate,ignore,resolve,modify,best,,,,,,,,Matched (3),3,220,-0.29090121,-2.0211029,-2.339967,-0.56720769,-0.2306108,,,
angelical,Her ANGELICAL voice soothed everyone in the room.,heavenly,harsh,loud,grating,,,,,,,,,Matched (3),5,301,1.019376,-1.82298,-4.9739871,-3.9799359,-0.1662222,,,
glum,The team was feeling GLUM after losing the championship game.,dejected,joyful,energetic,hopeful,,,,,,,,,Matched (3),3,22,2.5134561,-0.93412977,-2.116667,-0.75670159,-1.780383,,,
hieroglyphic,"To understand the ancient HIEROGLYPHIC text, the researcher studied several old scripts and symbols.",emblematic,verbal,novel,incomplete,,,,,,,,,Matched (3),3,414,-0.37601879,-0.2375336,-2.7388,-0.89305788,1.743057,,,
snakeroot,The herbalist recommended using SNAKEROOT to treat the patient's inflammatory condition.,plant,medicine,ritual,diet,best,none,,,,,,,Matched (3),2,304,-0.028939201,-0.0078959,-4.5115299,-1.792186,-1.387576,,,
samarium,The scientists discovered that SAMARIUM could be used to create more powerful magnets.,rare-earth metal,tool,sample,method,none,,,,,,,,Matched (3),1,200,-0.3002333,-2.054909,-4.881928,-4.672986,0.65956962,,,
connive,It became clear that the two politicians would CONNIVE to undermine their opponent in the upcoming election.,plot,debate,negotiate,reveal,best,,,,,,,,Matched (3),3,103,-0.26315349,-0.86938512,-3.664176,-2.0236249,-0.84021032,,,
untimely,Her UNTIMELY death shocked the entire community.,premature,predictable,averted,harmonious,,,,,,,,,Matched (3),2,234,-0.2843869,-0.1359382,-1.853285,-0.1199215,-0.1344692,,,
mediator,The corporation hired an outside MEDIATOR to manage the labor disputes and ensure a peaceful resolution.,intermediary,employee,contractor,supervisor,,,,,,,,,Matched (3),2,231,-0.30773479,-1.792081,-1.3964241,-0.77936947,0.1506812,,,
bulgy,"After the long hike, her eyes were BULGY from lack of sleep.",swollen,cheerful,radiant,sleepy,,,"best, not good",,,,,,Matched (3),5,0,1.012418,-2.1170831,-3.63605,-2.3103111,-1.1563129,,,
bighorn,"The national park is famous for its diverse wildlife, including the majestic BIGHORN.",sheep,deer,rabbit,fox,,,,,,,,,Matched (3),3,121,-0.41466191,-1.674731,-2.40713,-2.833734,3.3022349,,,
surveillance,"Due to the high level of SURVEILLANCE, the spies found it difficult to carry out their mission.",scrutiny,freedom,tension,silence,,,,,,,,,Matched (3),6,441,-0.3610445,-1.722721,-0.38584459,-0.4838253,1.111349,,,
quibble,"During the meeting, John tended to QUIBBLE over minor details instead of focusing on the main issue.",bicker,agree,laugh,comply,error,,,,,,,,Matched (3),1,123,-0.26396489,-0.43154579,-2.0304689,-1.0137841,-0.88050032,,,
untimely,Her UNTIMELY death shocked the entire community.,premature,predictable,averted,harmonious,,best,best,2,,,,,Matched (3),2,234,-0.2843869,-0.1359382,-1.853285,-0.1199215,-0.1344692,,,
devour,The children were so hungry that they began to DEVOUR the sandwiches as soon as they were served.,consume,admire,ignore,decorate,,best,,,,,,,Matched (3),1,134,0.55286598,0.1453242,-1.417629,0.0264236,-1.0401241,,,
krill,Scientists are studying the impact of climate change on the population of KRILL in Antarctic waters.,small shrimp,sea plants,large fish,underwater mammals,,best,,,,,,,Matched (3),3,20,-0.34873489,-2.2134731,-2.2394321,-4.1432748,1.261026,,,
screenwriting,Sarah decided to take a course in SCREENWRITING to enhance her ability to create captivating movie scripts.,scriptwriting,drawing,singing,dancing,error,,,,,,,,Matched (3),3,403,-0.26634029,-0.78850579,-3.3355429,-3.0004599,0.0088337,,,
reparation,The company committed to REPARATION for the harm caused by its harmful pollution over the years.,restitution,disruption,celebration,introduction,,,,,,,,,Matched (3),6,424,-0.1043145,0.1304138,-2.445926,-2.0322931,0.13727389,,,
oxygenate,,,,,,,,error,,,,,,Master only (1),1,300,-0.3207399,-2.2305739,-3.4121029,-3.1469271,0.76135862,,,
reparation,"As part of the peace treaty, the aggressor nation agreed to make significant REPARATION to the countries it had invaded.",amends,decoration,exclusions,maneuvers,,,,,,,,,Matched (3),3,424,-0.1043145,0.1304138,-2.445926,-2.0322931,0.13727389,,,
frontage,The property has an impressive FRONTAGE overlooking the main road.,facade,garden,garage,basement,,,,,,,,,Matched (3),6,223,-0.27875519,-0.46103421,-2.41435,-3.060307,-0.2178272,,,
illusionist,"As an experienced ILLUSIONIST, she was able to create the perfect distraction to pull off her trick.",conjurer,performer,musician,sculptor,,,,,,,,,Matched (3),1,411,-0.3273052,-1.594017,-2.8522689,-4.0830188,0.95325023,,,
apprehensive,The travelers were APPREHENSIVE when they noticed the storm clouds gathering.,uneasy,thrilled,ignorant,nonchalant,best,,,,,,,,Matched (3),3,432,-0.34762409,-0.91998082,-1.553077,0.36933431,1.401337,,,
predictor,Analysts believe that consumer confidence is a reliable PREDICTOR of spending habits.,gauge,segment,measure,driver,,,,,,,,,Matched (3),1,333,-0.27627951,-0.7265473,-1.421664,-2.082128,0.088023998,,,
absurd,The idea that the earth is flat is completely ABSURD.,ridiculous,fascinating,conventional,significant,,,,,,,,,Matched (3),2,143,-0.27547029,-0.33618081,-0.1334749,0.4164384,-0.9263159,,,
seer,Legends spoke of a SEER who could reveal the hidden truths of the universe.,visionary,warrior,scholar,merchant,,,,,,,,,Matched (3),6,23,5.6484151,-0.32464051,-2.3000319,-1.226426,-2.234185,,,
carefree,"The children played in the park, running around and laughing in their CAREFREE manner.",lighthearted,busy,attentive,worried,best,,,,,,,,Matched (3),3,232,-0.2708315,-1.257787,-1.356995,0.53463179,-0.18780109,,,
samarium,"After the completion of the nuclear reactor, the engineers analyzed the role of SAMARIUM in the reactor's efficiency.",element,device,experiment,formula,none,,,,,,,,Matched (3),3,200,-0.3002333,-2.054909,-4.881928,-4.672986,0.65956962,,,
alternator,The mechanic discovered that the car wasn't starting because the ALTERNATOR was faulty.,generator,accelerator,battery,ignition,,,,,,,,,Matched (3),2,420,-0.30819201,-1.872191,-1.969198,-5.0392842,0.71599817,,,
screenwriting,Sarah decided to take a course in SCREENWRITING to enhance her ability to create captivating movie scripts.,scriptwriting,drawing,singing,dancing,error,,,,,,,,Matched (3),3,403,-0.26634029,-0.78850579,-3.3355429,-3.0004599,0.0088337,,,
contour,The artist carefully outlined the CONTOUR of the model's face in the sketch.,outline,shadow,color,texture,,,,,,,,,Matched (3),2,144,-0.28759351,0.49197999,-0.83968961,-0.6492542,-0.63873678,,,
smoggy,The SMOGGY conditions in the industrial area were a cause for health concerns.,foggy,pristine,arid,tranquil,,,,,,,,,Matched (3),3,110,-0.26824731,-2.0556059,-2.999346,-2.363709,-0.157974,,,
snakeroot,Early settlers believed that SNAKEROOT could help cure snake bites and other venomous encounters.,herb,charm,spell,prayer,,,,,,,,,Matched (3),3,304,-0.028939201,-0.0078959,-4.5115299,-1.792186,-1.387576,,,
buttonhook,The nurse used a BUTTONHOOK to fasten the small buttons on the patient's gown.,fastener,scissors,thread,needle,,,,,,,,,Matched (3),3,400,-0.30595151,-2.28158,-4.939497,-2.975148,0.63547248,,,
fanatic,The politician's proposals appealed to a small but vocal group of FANATICs.,extremists,participants,observers,voters,,,,,,,,,Matched (3),2,133,-0.26747099,-0.75783157,-1.133706,-0.40174481,-0.4188486,,,
camion,"The CAMION broke down on the highway, causing a significant delay in delivery.",truck,car,bike,cart,best,,,,,,,,Matched (3),6,100,-0.2961998,-1.921082,-4.548708,-4.2347031,0.1059327,,,
fantastical,"The movie featured FANTASTICAL creatures and enchanted forests, captivating the audience entirely.",magical,mundane,reasonable,practical,best,,,,,,,,Matched (3),3,422,-0.38629591,-1.182196,-2.2008901,-1.015232,2.322417,,,
devour,"After the long hike, the campers sat by the fire to DEVOUR their dinner.",gobble,discuss,examine,scatter,,,,,,,,,Matched (3),2,134,0.55286598,0.1453242,-1.417629,0.0264236,-1.0401241,,,
flatfoot,"Losing his balance, he stumbled like a true FLATFOOT at the dance competition.",clumsy person,seasoned dancer,enthusiastic spectator,experienced judge,,,,,,,,,Matched (3),2,202,-0.2466592,-1.381254,-3.907021,-2.541116,-0.0142465,,,
tsar,"During the intense argument, he could only GNASH his teeth in frustration.",grind,cheer,speak,relax,,,,,,,,,Matched (3),5,21,0.89326721,-1.817312,-2.026294,-3.3477709,-1.858747,,,
uppercut,An effective UPPERCUT can often lead to a knockout in a boxing match.,blow,stumble,dodge,feint,,best,,,,,,,Matched (3),2,211,-0.29922429,-1.594432,-2.6174669,-3.5175231,0.020571699,,,
vodka,,,,,,,,,,,,,,Matched (3),3,40,-0.26617149,-1.936461,-0.93656182,-2.0647719,-0.99949259,,,
newsgroup,"In order to get updates from experts in the field, Maria subscribed to a popular NEWGROUP.",forum,magazine,broadcast,blog,error,best,,,,,,,Matched (3),2,313,-0.1684902,-0.53684568,-3.0395761,-3.9820509,1.509396,,,
courtyard,We enjoyed our morning coffee in the quiet COURTYARD away from the noise of the street.,quad,office,rooftop,sidewalk,,best,,,,,,,Matched (3),3,341,-0.30782959,-1.686005,-0.46833819,-0.76049489,0.28262949,,,
surveillance,The store increased its SECURITY after a series of thefts were reported.,monitoring,management,inventory,staffing,best,,,,,,,,Matched (3),3,441,-0.3610445,-1.722721,-0.38584459,-0.4838253,1.111349,,,
seer,Legends spoke of a SEER who could reveal the hidden truths of the universe.,visionary,warrior,scholar,merchant,,,,,,,,,Matched (3),1,23,5.6484151,-0.32464051,-2.3000319,-1.226426,-2.234185,,,
connive,The employees suspected their manager was trying to CONNIVE with upper management to implement unfavorable changes secretly.,scheme,argue,collaborate,disclose,,,,,,,,,Matched (3),2,103,-0.26315349,-0.86938512,-3.664176,-2.0236249,-0.84021032,,,
prior,She had no PRIOR experience in the field but quickly learned the necessary skills.,earlier,significant,formal,urgent,best,,,,,,,,Matched (3),1,43,-0.098242998,-0.36258131,0.88622171,1.053866,-1.584538,,,
guerrilla,The revolutionary wave gained strength thanks to the relentless efforts of the GUERRILLA movement.,insurgent,commanding,structured,diplomatic,low valence,,,,,,,,Matched (3),6,342,-0.33313689,-1.17221,-0.70110953,-1.929737,-0.018197101,,,
privy,She was not PRVY to the confidential information discussed in the meeting.,aware,opposed,capable,reliant,,,,,,,,,Matched (3),1,34,-0.17536791,-0.1097499,-1.381842,-0.98187321,-1.287394,,,
grueling,The marathon was so GRUELING that many runners collapsed from exhaustion during the race.,exhausting,refreshing,enjoyable,simple,,,,,,,,,Matched (3),2,230,-0.3157672,-2.099267,-1.636696,-1.147405,0.52344543,,,
samarium,"Due to its capacity to absorb neutrons, SAMARIUM is often utilized in control rods for nuclear reactors.",material,design,structure,calculation,none,,,,,,,,Matched (3),2,200,-0.3002333,-2.054909,-4.881928,-4.672986,0.65956962,,,
bayou,The alligator moved stealthily through the murky waters of the BAYOU.,marsh,desert,island,mountain,best,,,,,,,,Matched (3),1,30,0.0347206,-1.966273,-1.4537081,-2.4100249,-1.581982,,,
respiratory,The doctor diagnosed the patient with a severe RESPIRATORY infection.,breathing,digestive,circulatory,skeletal,,,,,,,,,Matched (3),3,440,-0.1570998,-1.921657,-0.3473022,-1.827666,1.51974,,,
wormhole,The concept of a WORMHOLE is intriguing because it suggests a direct route connecting two distant points in the universe.,gateway,obstacle,theory,sensation,,,,,,,,,Matched (3),2,221,-0.2941111,-1.735162,-2.118541,-2.258543,-0.16423281,,,
quibble,"During the meeting, John tended to QUIBBLE over minor details instead of focusing on the main issue.",bicker,agree,laugh,comply,error,,,,,,,,Matched (3),6,123,-0.26396489,-0.43154579,-2.0304689,-1.0137841,-0.88050032,,,
frontage,The property has an impressive FRONTAGE overlooking the main road.,facade,garden,garage,basement,,,,,,,,,Matched (3),1,223,-0.27875519,-0.46103421,-2.41435,-3.060307,-0.2178272,,,
absurd,The idea that the earth is flat is completely ABSURD.,ridiculous,fascinating,conventional,significant,,,,,,,,,Matched (3),5,143,-0.27547029,-0.33618081,-0.1334749,0.4164384,-0.9263159,,,
bayou,"Growing up near the BAYOU, she had become accustomed to the sounds of frogs and crickets at night.",swamp,forest,beach,plateau,,,,,,,,,Matched (3),6,30,0.0347206,-1.966273,-1.4537081,-2.4100249,-1.581982,,,
absurd,The notion that he could finish his homework in ten minutes was simply ABSURD.,preposterous,diligent,plausible,acceptable,,,,,,,,,Matched (3),3,143,-0.27547029,-0.33618081,-0.1334749,0.4164384,-0.9263159,,,
twain,"The river divided the land into TWAIN sections, each with its own distinct ecosystem.",two,upstream,large,ancient,best,,,,,,,,Matched (3),6,31,-0.2780019,-1.531244,-1.344256,-0.1242228,0.54951268,,,
uppercut,The boxer surprised his opponent with a quick UPPERCUT to the chin.,punch,block,jump,kick,best,,,,,,,,Matched (3),6,211,-0.29922429,-1.594432,-2.6174669,-3.5175231,0.020571699,,,
Tabernacle,,,,,,,,,,,,,,Using only (2),3,0,0,0,0,0,0,,,
fantastical,The artist's FANTASTICAL paintings captured a world of vivid colors and dreamlike landscapes.,whimsical,dull,ordinary,realistic,,,,,,,,,Matched (3),2,422,-0.38629591,-1.182196,-2.2008901,-1.015232,2.322417,,,
thoroughly,She reviewed her essay THOROUGHLY before submitting it to her professor.,meticulously,briefly,casually,occasionally,,,,,,,,,Matched (3),2,443,-0.3255941,-0.57954389,0.44315171,1.278632,0.1368884,,,
maintain,The engineer assured that they would MAINTAIN the bridge to prevent any accidents.,preserve,neglect,destroy,construct,best,best,,2,,,,,Matched (3),2,244,-0.2935206,1.158138,1.227385,1.317452,-0.53492612,,,
alternator,"After the long trip, the ALTERNATOR needed to be replaced to ensure the car's electrical system worked properly.",generator,radiator,transmission,exhaust,best,,,,,,,,Matched (3),6,420,-0.30819201,-1.872191,-1.969198,-5.0392842,0.71599817,,,
phosphorescent,The PHOSPHORESCENT markings on the insect's body made it easily identifiable during night-time field research.,radiant,subdued,shadowy,bleak,best,,,,,,,,Matched (3),3,410,-0.3576476,-2.32178,-2.686379,-1.421068,2.129241,,,
divvy,"After the marathon, the organizers decided to DIVVY up the prize money equally among the top finishers.",distribute,cook,collect,subtract,best,,,,,,,,Matched (3),6,11,-0.0276288,-1.5388,-3.0263779,-3.5673699,-1.386676,,,
codebook,"Before starting their analysis, the scientists studied the CODEBOOK to become familiar with the terminology used.",glossary,anthology,mixture,device,,,best,,,,,,Matched (3),3,204,11.84046,0.056676898,-3.736362,-4.030724,-1.861369,,,
readership,Her CAREFREE attitude towards life often made her the center of attention at gatherings.,subscribers,printers,editors,revenue,,,,,,,,,Matched (3),1,430,0.31258231,-1.973892,-1.804208,-2.4449971,0.4270142,,,
oxygenate,,,,,,,?,error,,,,,,Master only (1),6,300,-0.3207399,-2.2305739,-3.4121029,-3.1469271,0.76135862,,,
smoggy,"Because the weather was SMOGGY, many people decided to stay indoors.",polluted,sunny,windy,calm,best,,,,,,,,Matched (3),2,110,-0.26824731,-2.0556059,-2.999346,-2.363709,-0.157974,,,
jag,"After the emotional JAG of crying, Sofia felt exhausted but relieved.",outburst,interlude,sequence,event,best,,,,,,,,Matched (3),6,4,12.20553,0.15818051,-4.1214519,-2.702574,-2.1945961,,,
predictor,The results of this study are seen as a strong PREDICTOR of future economic trends.,indicator,component,participant,outcome,,,,,,,,,Matched (3),2,333,-0.27627951,-0.7265473,-1.421664,-2.082128,0.088023998,,,
carefree,"The children played in the park, running around and laughing in their CAREFREE manner.",lighthearted,busy,attentive,worried,best,,best,2,,,,,Matched (3),3,232,-0.2708315,-1.257787,-1.356995,0.53463179,-0.18780109,,,
awestruck,The audience was AWESTRUCK by the magician's incredible performance.,astonished,bored,irritated,sleepy,best,,,,,,,,Matched (3),1,320,-0.3167499,-2.070365,-2.298928,-1.195763,0.0126129,,,
reparation,"After the extensive damage caused by the hurricane, the government promised financial REPARATION to the affected communities.",compensation,negligence,appointment,ceremony,best,,,,,,,,Matched (3),2,424,-0.1043145,0.1304138,-2.445926,-2.0322931,0.13727389,,,
untimely,The UNTIMELY arrival of the storm disrupted our outdoor event.,premature,welcome,sluggish,awkward,,,,,,,,,Matched (3),3,234,-0.2843869,-0.1359382,-1.853285,-0.1199215,-0.1344692,,,
reassert,"After the initial confusion, the leader quickly moved to REASSERT his authority over the team.",reaffirm,question,enhance,diminish,,,,,,,,,Matched (3),1,220,-0.29090121,-2.0211029,-2.339967,-0.56720769,-0.2306108,,,
twain,"The treasure map indicated that the path would split in TWAIN, leading explorers in separate directions.",two,danger,mystery,wilderness,,,,,,,,,Matched (3),2,31,-0.2780019,-1.531244,-1.344256,-0.1242228,0.54951268,,,
contour,The makeup artist used different shades to highlight and define the CONTOUR of her cheekbones.,shape,sparkle,hue,length,,best,best,2,,,,,Matched (3),3,144,-0.28759351,0.49197999,-0.83968961,-0.6492542,-0.63873678,,,
samarium,The scientists discovered that SAMARIUM could be used to create more powerful magnets.,rare-earth metal,tool,sample,method,none,best,best,3,,,,,Matched (3),6,200,-0.3002333,-2.054909,-4.881928,-4.672986,0.65956962,,,
treble,The audio engineer boosted the TREBLE to make the vocals clearer in the mix.,high-pitched,volume,balance,harmony,none,,,,,,,,Matched (3),1,124,-0.1815047,0.99892628,-2.01633,-2.3757031,-1.142134,,,
fusspot,Sarah’s friends find it hard to keep up with her demands sometimes because she can be such a FUSSPOT about things being in order.,nitpicker,leader,newcomer,dreamer,,,,,,,,,Matched (3),2,101,-0.35677919,-1.73809,-4.2408199,-2.802145,1.620153,,,
thoroughly,The inspector checked the equipment THOROUGHLY to ensure safety compliance.,comprehensively,hastily,intermittently,selectively,best,,,,,,,,Matched (3),6,443,-0.3255941,-0.57954389,0.44315171,1.278632,0.1368884,,,
devour,The children were so hungry that they began to DEVOUR the sandwiches as soon as they were served.,consume,admire,ignore,decorate,,,,,,,,,Matched (3),1,134,0.55286598,0.1453242,-1.417629,0.0264236,-1.0401241,,,
treble,The musician adjusted the settings to increase the TREBLE for a brighter sound.,high-frequency,bass,tempo,rhythm,none,,,,,,,,Matched (3),3,124,-0.1815047,0.99892628,-2.01633,-2.3757031,-1.142134,,,
blacklist,"After the scandal, the author found himself on the publishing houses' BLACKLIST, unable to get his new books reviewed.",banned list,waiting list,bestseller list,table of contents,,,,,,,,,Matched (3),3,312,-0.29540759,-1.024977,-2.7656779,-2.0988331,0.2214148,,,
mediator,A skilled MEDIATOR can often resolve conflicts more effectively than a confrontational approach.,negotiator,competitor,participant,judge,,,,,,,,,Matched (3),3,231,-0.30773479,-1.792081,-1.3964241,-0.77936947,0.1506812,,,
warden,"Due to its porous nature, SANDSTONE is often used in buildings where intricate designs are required.",sedimentary rock,limestone,basalt,schist,,,,,,,,,Matched (3),2,142,0.62585622,-1.1244251,-0.79612571,-1.023279,-1.150146,,,
frontage,The new restaurant boasts a stunning FRONTAGE that attracts many customers.,facade,menu,kitchen,staff,,,,,,,,,Matched (3),2,223,-0.27875519,-0.46103421,-2.41435,-3.060307,-0.2178272,,,
seer,The villagers sought guidance from the SEER before making important decisions.,oracle,farmer,captain,musician,,,,,,,,,Matched (3),3,23,5.6484151,-0.32464051,-2.3000319,-1.226426,-2.234185,,,
maintain,"To win the championship, the team had to MAINTAIN their lead throughout the game.",uphold,lose,change,sell,,,,,,,,,Matched (3),1,244,-0.2935206,1.158138,1.227385,1.317452,-0.53492612,,,
siege,"The ancient city was under SIEGE for months, with enemy forces surrounding it completely.",blockade,vacation,appointment,restoration,,,,,,,,,Matched (3),2,42,1.2399991,-1.067807,-0.54198372,-0.71689749,-1.78505,,,
mediator,A skilled MEDIATOR can often resolve conflicts more effectively than a confrontational approach.,negotiator,competitor,participant,judge,,,,,,,,,Matched (3),3,231,-0.30773479,-1.792081,-1.3964241,-0.77936947,0.1506812,,,
Tabernacle,,,,,,,,,,,,,,Using only (2),2,0,0,0,0,0,0,,,
cockeyed,"After assembling the table, it was evident that the legs were COCKEYED and uneven.",askew,sturdy,balanced,aligned,,,,,,,,,Matched (3),2,213,-0.040678699,-0.76759988,-2.758297,-1.814664,-0.54790318,,,
dethrone,The board members voted to DETHRONE the company’s CEO after the poor financial report.,oust,appoint,praise,consult,best,,,,,,,,Matched (3),1,210,-0.2941294,-1.885605,-2.9452879,-0.86619103,-0.20166969,,,
contour,"The process will OXYGENATE the water, making it suitable for the fish to breathe.",aerate,warm,filter,boil,,,,,,,,,Matched (3),5,144,-0.28759351,0.49197999,-0.83968961,-0.6492542,-0.63873678,,,
conscientious,His CONSCIENTIOUS approach to his work meant he could be relied upon to produce high-quality results consistently.,attentive,lazy,hasty,indifferent,,,,,,,,,Matched (3),2,442,-0.37063631,-0.95450288,-1.02028,0.67162228,1.7615319,,,
residency,He completed a two-year artist RESIDENCY that allowed him to work on his painting without financial worries.,fellowship,hiatus,trip,job,,,,,,,,,Matched (3),6,343,-0.1147114,-0.80103987,-1.0924129,-1.484846,0.297961,,,
vodka,,,,,,,,,,,,,,Matched (3),3,40,-0.26617149,-1.936461,-0.93656182,-2.0647719,-0.99949259,,,
snakeroot,Botanists are studying the properties of SNAKEROOT to determine its potential medicinal benefits.,root,experiment,result,discovery,,,,,,,,,Matched (3),6,304,-0.028939201,-0.0078959,-4.5115299,-1.792186,-1.387576,,,
readership,Her CAREFREE attitude towards life often made her the center of attention at gatherings.,followers,articles,contributors,format,,,,,,,,,Matched (3),2,430,0.31258231,-1.973892,-1.804208,-2.4449971,0.4270142,,,
connive,"When the children conspired to sneak out of the house, they had to CONNIVE to avoid getting caught by their parents.",conspire,argue,greet,report,,,,,,,,,Matched (3),6,103,-0.26315349,-0.86938512,-3.664176,-2.0236249,-0.84021032,,,
shilling,,,,,,,,,,,,,,Master only (1),1,214,2.026552,0.1145832,-3.122968,-0.4054395,-1.072482,,,
gnash,,,,,,,,,,,,,,Master only (1),1,12,0.1594612,-1.135699,-3.194531,-2.311918,-1.8229361,,,
heroin,Law enforcement agencies are ramping up efforts to combat HEROIN trafficking across the state.,narcotic,contraband,produce,documents,low valence,,,,,,,,Matched (3),3,141,0.31694669,-1.678611,-0.46049181,-3.16364,-0.96431422,,,
uppercut,An effective UPPERCUT can often lead to a knockout in a boxing match.,blow,stumble,dodge,feint,,,,,,,,,Matched (3),2,211,-0.29922429,-1.594432,-2.6174669,-3.5175231,0.020571699,,,
residency,Her RESIDENCY at the university enabled her to conduct independent research.,tenure,journey,break,employment,best,,,,,,,,Matched (3),2,343,-0.1147114,-0.80103987,-1.0924129,-1.484846,0.297961,,,
maintain,"To win the championship, the team had to MAINTAIN their lead throughout the game.",uphold,lose,change,sell,,,best,,,,,,Matched (3),6,244,-0.2935206,1.158138,1.227385,1.317452,-0.53492612,,,
perkiness,"The puppy's PERKINESS was contagious, causing everyone at the park to smile.",liveliness,lethargy,confusion,aggression,,,,,,,,,Matched (3),3,303,2.112375,-0.82512653,-3.8704841,-3.2778621,-1.010304,,,
maintain,It is crucial to MAINTAIN a healthy diet to ensure long-term fitness.,sustain,disrupt,initiate,conclude,,,,,,,,,Matched (3),3,244,-0.2935206,1.158138,1.227385,1.317452,-0.53492612,,,
guerrilla,The soldiers were ambushed by a group of GUERRILLA fighters hiding in the forest.,insurgent,disciplined,regular,powerful,low valence,,,,,,,,Matched (3),2,342,-0.33313689,-1.17221,-0.70110953,-1.929737,-0.018197101,,,
contour,"The process will OXYGENATE the water, making it suitable for the fish to breathe.",aerate,warm,filter,boil,,,,,,,,,Matched (3),5,144,-0.28759351,0.49197999,-0.83968961,-0.6492542,-0.63873678,,,
krill,"The arctic waters are teeming with KRILL, which serves as a primary food source for many marine animals.",crustaceans,fish,corals,shells,,,,,,,,,Matched (3),1,20,-0.34873489,-2.2134731,-2.2394321,-4.1432748,1.261026,,,
blacklist,"After the scandal, the author found himself on the publishing houses' BLACKLIST, unable to get his new books reviewed.",banned list,waiting list,bestseller list,table of contents,,best,,,,,,,Matched (3),4,312,-0.29540759,-1.024977,-2.7656779,-2.0988331,0.2214148,,,
awestruck,"The hikers stood at the edge of the Grand Canyon, completely AWESTRUCK by the magnificent view.",amazed,confused,uninterested,frightened,,,,,,,,,Matched (3),5,320,-0.3167499,-2.070365,-2.298928,-1.195763,0.0126129,,,
tsar,"The TSAR's rule was marked by both opulence and autocracy, greatly influencing the history of Russia.",emperor,civilian,merchant,farmer,,,,,,,,,Matched (3),6,21,0.89326721,-1.817312,-2.026294,-3.3477709,-1.858747,,,
reparation,"As part of the peace treaty, the aggressor nation agreed to make significant REPARATION to the countries it had invaded.",amends,decoration,exclusions,maneuvers,,best,,,,,,,Matched (3),3,424,-0.1043145,0.1304138,-2.445926,-2.0322931,0.13727389,,,
leukemia,"LEUKEMIA is a type of illness that affects the blood and bone marrow, often requiring complex treatment.",blood cancer,influenza,bronchitis,migraine,low valence,,,,,,,,Matched (3),3,240,-0.31665069,-2.0527489,-1.097963,-4.2865329,0.1438029,,,
fantastical,The artist's FANTASTICAL paintings captured a world of vivid colors and dreamlike landscapes.,whimsical,dull,ordinary,realistic,,,,,,,,,Matched (3),2,422,-0.38629591,-1.182196,-2.2008901,-1.015232,2.322417,,,
courtyard,The hotel features a beautiful COURTYARD with a fountain and several gardens.,patio,lobby,suite,hallway,best,,,,,,,,Matched (3),1,341,-0.30782959,-1.686005,-0.46833819,-0.76049489,0.28262949,,,
angelical,The ANGELICAL appearance of the child captivated all who saw her.,divine,ordinary,mischievous,tired,,,,,,,,,Matched (3),3,301,1.019376,-1.82298,-4.9739871,-3.9799359,-0.1662222,,,
jovial,"His JOVIAL laugh echoed through the hallways, making people smile.",merry,serious,dull,timid,,,,,,,,,Matched (3),2,130,0.3572045,-1.879122,-1.832177,-0.83017749,-0.6918866,,,
untimely,The CEO's UNTIMELY resignation left the company in disarray.,premature,celebrated,prolonged,notorious,best,,,,,,,,Matched (3),1,234,-0.2843869,-0.1359382,-1.853285,-0.1199215,-0.1344692,,,
mousy,Jake's MOUSY demeanor in the meetings led his colleagues to underestimate his capabilities.,shy,assertive,aggressive,talkative,best,,,,,,,,Matched (3),2,13,0.89446092,-0.3272649,-2.6498239,-1.124418,-1.435003,,,
fairlead,"To reduce the wear on the lines, we passed the ropes through the FAIRLEAD before securing them.",guide,knot,sail,harpoon,best,,,,,,,,Matched (3),3,201,-0.1886946,-1.80564,-4.6749678,-2.15169,-1.2429529,,,
bayou,The alligator moved stealthily through the murky waters of the BAYOU.,marsh,desert,island,mountain,best,,,,,,,,Matched (3),5,30,0.0347206,-1.966273,-1.4537081,-2.4100249,-1.581982,,,
dethrone,Many believe that the reigning champion will be DETHRONED in the upcoming match.,unseated,promoted,cheered,followed,,best,,,,,,,Matched (3),2,210,-0.2941294,-1.885605,-2.9452879,-0.86619103,-0.20166969,,,
fanatic,Joan was such a FANATIC about fitness that she never missed a day at the gym.,enthusiast,skeptic,teacher,beginner,best,,best,2,,,,,Matched (3),3,133,-0.26747099,-0.75783157,-1.133706,-0.40174481,-0.4188486,,,
reassert,"In her closing argument, she aimed to REASSERT the main points to ensure the jury understood her stance.",emphasize,neglect,confuse,decorate,,,,,,,,,Matched (3),2,220,-0.29090121,-2.0211029,-2.339967,-0.56720769,-0.2306108,,,
maser,The development of the MASER in the 1950s was a significant milestone in the field of quantum electronics.,invention,obstacle,trend,hypothesis,error,,,,,,,,Matched (3),3,10,-0.33237791,-2.029043,-2.793901,-2.6734631,1.335739,,,
gumbo,"At the family gathering, everyone savored the hearty bowl of GUMBO.",stew,salad,dessert,sandwich,best,,best,2,,,,,Matched (3),3,24,0.38425121,-0.2290304,-1.924482,-3.98806,-1.130899,,,
blacklist,James was informed that he had been placed on a company BLACKLIST and was no longer eligible for promotions.,exclusion list,guest list,attendance sheet,menu,,,,,,,,,Matched (3),6,312,-0.29540759,-1.024977,-2.7656779,-2.0988331,0.2214148,,,
hieroglyphic,"To understand the ancient HIEROGLYPHIC text, the researcher studied several old scripts and symbols.",emblematic,verbal,novel,incomplete,,,,,,,,,Matched (3),3,414,-0.37601879,-0.2375336,-2.7388,-0.89305788,1.743057,,,
cock,She had to COCK the hammer back before taking aim with the rifle.,pull back,hide,drop,lift,,,,,,,,,Matched (3),2,44,7.8873739,1.550397,-0.51192141,-1.025781,-2.303277,,,
treble,The musician adjusted the settings to increase the TREBLE for a brighter sound.,high-frequency,bass,tempo,rhythm,none,best,best,3,,,,,Matched (3),3,124,-0.1815047,0.99892628,-2.01633,-2.3757031,-1.142134,,,
prior,He had a PRIOR engagement and could not attend the meeting.,previous,special,casual,tentative,,,,,,,,,Matched (3),2,43,-0.098242998,-0.36258131,0.88622171,1.053866,-1.584538,,,
cock,He always had to COCK his hat at a jaunty angle before leaving the house.,tilt,clean,remove,straighten,,,,,,,,,Matched (3),1,44,7.8873739,1.550397,-0.51192141,-1.025781,-2.303277,low valence,,
leukemia,"The artist's work was known for its PLAINNESS, focusing on the subject without any distractions.",simplicity,vibrancy,detail,richness,low valence,,"error, plainness",,,,,,Matched (3),5,240,-0.31665069,-2.0527489,-1.097963,-4.2865329,0.1438029,,,
gnash,,,,,,,error,error,,,,,,Master only (1),6,12,0.1594612,-1.135699,-3.194531,-2.311918,-1.8229361,,,
trait,Creativity is a TRAIT commonly found among artists and innovators.,quality,role,activity,action,,,,,,,,,Matched (3),2,41,1.508086,-1.588469,-0.40775961,-0.34008011,-1.716779,,,
fatality,"Due to the intense storm, the news reported a FATALITY in the coastal town.",casualty,arrival,victory,performance,low valence,,,,,,,,Matched (3),2,233,-0.2953181,-0.50554347,-1.753395,-1.673229,0.088079698,,,
privy,"As a trusted advisor, he was PRVY to many personal secrets of the royal family.",confided,close,indifferent,responsible,,,,,,,,,Matched (3),2,34,-0.17536791,-0.1097499,-1.381842,-0.98187321,-1.287394,,,
jag,"After the emotional JAG of crying, Sofia felt exhausted but relieved.",outburst,interlude,sequence,event,best,best,,2,,,,,Matched (3),1,4,12.20553,0.15818051,-4.1214519,-2.702574,-2.1945961,,,
opulence,The palace's grandeur and OPULENCE were apparent in every gilded room and ornate hall.,luxury,simplicity,cleanliness,modesty,,best,best,2,,,,,Matched (3),2,222,-0.27608979,-1.456144,-2.3709819,-1.408294,0.075805902,,,
heckle,"The fans started to HECKLE the opposing team from the stands, making it hard for the players to focus.",harass,encourage,silence,listen,,,,,,,,,Matched (3),1,113,0.63807422,-0.8503564,-2.972322,-0.79170609,-1.241866,,,
maser,The knight's tale was a story of GALLANTRY and nobility.,heroism,deception,recklessness,weakness,error,,"error, gallantry",,,,,,Matched (3),5,10,-0.33237791,-2.029043,-2.793901,-2.6734631,1.335739,,,
quibble,The lawyer's tendency to QUIBBLE over insignificant points annoyed the judge and the jury.,nitpick,accept,applaud,abandon,error,,,,,,,,Matched (3),3,123,-0.26396489,-0.43154579,-2.0304689,-1.0137841,-0.88050032,,,
privy,"As a trusted advisor, he was PRVY to many personal secrets of the royal family.",confided,close,indifferent,responsible,,,,,,,,,Matched (3),2,34,-0.17536791,-0.1097499,-1.381842,-0.98187321,-1.287394,,,
depiction,The book's DEPICTION of rural life in the 19th century is both poignant and thorough.,illustration,celebration,disruption,commentary,,,,,,,,,Matched (3),1,334,-0.291242,0.1579157,-1.692847,-2.6202991,-0.031723399,,,
thoroughly,"After cleaning the house THOROUGHLY, she was exhausted but satisfied with the result.",completely,partially,randomly,quickly,,,,,,,,,Matched (3),3,443,-0.3255941,-0.57954389,0.44315171,1.278632,0.1368884,,,
shiftless,The manager noticed that Tom's SHIFTLESS attitude was affecting the team's productivity.,unmotivated,hardworking,relaxed,confident,,,,,,,,,Matched (3),6,311,-0.2794365,-1.748387,-2.5975051,-0.3383114,-0.1079961,,,
cockeyed,The artist created a COCKEYED portrait that left the audience both puzzled and intrigued.,bizarre,beautiful,conventional,realistic,best,,,,,,,,Matched (3),6,213,-0.040678699,-0.76759988,-2.758297,-1.814664,-0.54790318,,,
fatality,The construction site was closed after a tragic FATALITY occurred yesterday.,demise,meeting,conference,enhancement,low valence,,,,,,,,Matched (3),3,233,-0.2953181,-0.50554347,-1.753395,-1.673229,0.088079698,,,
courtyard,The hotel features a beautiful COURTYARD with a fountain and several gardens.,patio,lobby,suite,hallway,best,,best,2,,,,,Matched (3),6,341,-0.30782959,-1.686005,-0.46833819,-0.76049489,0.28262949,,,
horticultural,The HORTICULTURAL society held a flower show that attracted garden enthusiasts from all over the city.,gardening,literary,athletic,industrial,,,,,,,,,Matched (3),2,431,-0.2615549,-1.680624,-1.854432,-1.926352,-0.73360699,,,
guardroom,The prisoner was taken to the GUARDROOM for interrogation after being captured.,watchroom,hall,classroom,office,error,best,,,,,,,Matched (3),3,302,-0.27856901,-1.398705,-4.6881781,-2.972898,0.0422123,,,
womenfolk,"In many traditional communities, the responsibility of preserving cultural heritage often falls to the WOMENFOLK.",ladies,leaders,traders,warriors,best,,,,,,,,Matched (3),3,310,-0.32431629,-2.1497171,-2.9336181,-2.129437,0.66396731,,,
warden,The PRISON'S WARDEN announced new policies to improve inmate rehabilitation programs.,superintendent,prisoner,visitor,officer,,,best,,,,,,Matched (3),3,142,0.62585622,-1.1244251,-0.79612571,-1.023279,-1.150146,,,
supposition,,,,,,,,,,,,,,Master only (1),1,434,-0.3182517,-0.2066811,-1.699127,-0.84053129,0.65526181,,,
warden,"Due to its porous nature, SANDSTONE is often used in buildings where intricate designs are required.",sedimentary rock,limestone,basalt,schist,,,error,,,,,,Matched (3),2,142,0.62585622,-1.1244251,-0.79612571,-1.023279,-1.150146,,,
womenfolk,"In many traditional communities, the responsibility of preserving cultural heritage often falls to the WOMENFOLK.",ladies,leaders,traders,warriors,best,best,best,3,,,,,Matched (3),3,310,-0.32431629,-2.1497171,-2.9336181,-2.129437,0.66396731,,,
tsar,"During the reign of the TSAR, the nation saw significant expansion and the establishment of a strong centralized government.",monarch,general,citizen,traveler,best,,,,,,,,Matched (3),3,21,0.89326721,-1.817312,-2.026294,-3.3477709,-1.858747,,,
predictor,Analysts believe that consumer confidence is a reliable PREDICTOR of spending habits.,gauge,segment,measure,driver,,,,,,,,,Matched (3),6,333,-0.27627951,-0.7265473,-1.421664,-2.082128,0.088023998,,,
angelical,Her ANGELICAL voice soothed everyone in the room.,heavenly,harsh,loud,grating,,best,,,,,,,Matched (3),2,301,1.019376,-1.82298,-4.9739871,-3.9799359,-0.1662222,,,
twain,"The poet famously wrote about the day when the lovers would be together again, no longer separated by TWAIN roads.",two,winding,narrow,dusty,,best,,,,,,,Matched (3),3,31,-0.2780019,-1.531244,-1.344256,-0.1242228,0.54951268,,,
bulgy,His muscles looked BULGY after months of intense weightlifting.,enlarged,weak,narrow,soft,,,,,,,,,Matched (3),3,0,1.012418,-2.1170831,-3.63605,-2.3103111,-1.1563129,,,
maser,The knight's tale was a story of GALLANTRY and nobility.,heroism,deception,recklessness,weakness,error,,"best, error, gallantry",,,,,,Matched (3),5,10,-0.33237791,-2.029043,-2.793901,-2.6734631,1.335739,,,
apprehensive,The travelers were APPREHENSIVE when they noticed the storm clouds gathering.,uneasy,thrilled,ignorant,nonchalant,best,,,,,,,,Matched (3),4,432,-0.34762409,-0.91998082,-1.553077,0.36933431,1.401337,,,
sandstone,The geologist explained that the layers within the SANDSTONE were formed over millions of years by sediment deposition.,sedimentary rock,igneous rock,metamorphic rock,pumice,,,,,,,,,Matched (3),6,142,0.62585622,-1.1244251,-0.79612571,-1.023279,-1.150146,,,
uppercut,The boxer surprised his opponent with a quick UPPERCUT to the chin.,punch,block,jump,kick,best,,best,2,,,,,Matched (3),1,211,-0.29922429,-1.594432,-2.6174669,-3.5175231,0.020571699,,,
residency,"After graduating from medical school, she began her RESIDENCY at a major hospital in Boston.",training,vacation,seminar,excursion,,best,,,,,,,Matched (3),3,343,-0.1147114,-0.80103987,-1.0924129,-1.484846,0.297961,,,
loquacious,Scientists are studying the impact of climate change on the population of KRILL in Antarctic waters.,talkative,silent,hesitant,indifferent,,,"Krill, error",,,,,,Using only (2),3,0,0,0,0,0,0,,,
opulence,"Despite the city's economic challenges, the downtown area was a beacon of OPULENCE and prosperity.",wealth,poverty,decay,neutrality,,,,,,,,,Matched (3),1,222,-0.27608979,-1.456144,-2.3709819,-1.408294,0.075805902,,,
residency,He completed a two-year artist RESIDENCY that allowed him to work on his painting without financial worries.,fellowship,hiatus,trip,job,,,best,,,,,,Matched (3),1,343,-0.1147114,-0.80103987,-1.0924129,-1.484846,0.297961,,,
snakeroot,The herbalist recommended using SNAKEROOT to treat the patient's inflammatory condition.,plant,medicine,ritual,diet,best,,best,2,,,,,Matched (3),2,304,-0.028939201,-0.0078959,-4.5115299,-1.792186,-1.387576,,,
uncivilized,The early settlers faced harsh conditions and had to resort to what some would call UNCIVILIZED methods to survive in the new land.,savage,ethical,cautious,pleasant,,,,,,,,,Matched (3),2,421,-0.142992,-1.708593,-1.973217,-0.94818372,1.2863261,,,
fusspot,"Ever since he became manager, John has turned into a real FUSSPOT, always worrying about the smallest details.",perfectionist,slacker,enthusiast,optimist,best,,,,,,,,Matched (3),3,101,-0.35677919,-1.73809,-4.2408199,-2.802145,1.620153,,,
mulishness,The project's failure was attributed to the manager's MULE stubborn refusal to consider alternative strategies.,stubbornness,kindness,expertise,compassion,,,,,,,,,Matched (3),1,404,10.08358,0.66707069,-4.8308201,-1.616565,-1.0847991,,,
divvy,The roommates need to DIVVY the household chores so that everyone contributes equally.,share,ignore,plan,increase,,,,,,,,,Matched (3),2,11,-0.0276288,-1.5388,-3.0263779,-3.5673699,-1.386676,,,
shilling,,,,,,,error,error,,,,,,Master only (1),6,214,2.026552,0.1145832,-3.122968,-0.4054395,-1.072482,,,
untimely,The UNTIMELY arrival of the storm disrupted our outdoor event.,premature,welcome,sluggish,awkward,,,,,,,,,Matched (3),3,234,-0.2843869,-0.1359382,-1.853285,-0.1199215,-0.1344692,,,
scrubwoman,"As the SCRUBWOMAN went about her tasks, she silently hummed a cheerful tune.",janitor,accountant,supervisor,receptionist,best,best,,2,,,,,Matched (3),3,402,-0.30636829,-1.224812,-4.7836251,-1.54872,1.176652,,,
residency,Her RESIDENCY at the university enabled her to conduct independent research.,tenure,journey,break,employment,best,,,,,,,,Matched (3),2,343,-0.1147114,-0.80103987,-1.0924129,-1.484846,0.297961,,,
blacklist,"The school threatened to BLACKLIST students found cheating, barring them from future events.",prohibit,invite,encourage,monitor,best,,,,,,,,Matched (3),5,312,-0.29540759,-1.024977,-2.7656779,-2.0988331,0.2214148,,,
lonesomeness,"During the long winter nights, the shepherd kept the wolves at bay but couldn't escape the LONESOMENESS.",seclusion,boredom,excitement,companionship,,,,,,,,,Matched (3),3,401,-0.1599735,-1.621555,-4.5216379,-1.475298,-1.353377,,,
bile,His face turned red with BILE when he heard the unfair accusation.,anger,fear,joy,sorrow,,,"best, not good",,,,,,Matched (3),2,32,9.9766979,-1.16453,-1.22528,-2.910171,-2.1054249,,,
tsar,She would often GNASH her teeth in her sleep due to stress.,grind,hum,breathe,talk,,,,,,,,,Matched (3),2,21,0.89326721,-1.817312,-2.026294,-3.3477709,-1.858747,,,
surveillance,"Due to the high level of SURVEILLANCE, the spies found it difficult to carry out their mission.",scrutiny,freedom,tension,silence,,best,,,,,,,Matched (3),1,441,-0.3610445,-1.722721,-0.38584459,-0.4838253,1.111349,,,
proportionate,The amount of water used should be PROPORTIONATE to the number of plants in the garden.,corresponding,excessive,minimal,random,,best,,,,,,,Matched (3),6,433,-0.3325581,-0.44431701,-1.646377,0.27366021,1.445199,,,
predictor,The scientist emphasized that the gene could be a critical PREDICTOR of the disease.,sign,cause,treatment,factor,best,,,,,,,,Matched (3),3,333,-0.27627951,-0.7265473,-1.421664,-2.082128,0.088023998,,,
tote,She decided to TOTE all the groceries in a reusable bag instead of using plastic bags.,carry,cook,sell,store,best,,best,2,,,,,Matched (3),6,33,7.4764848,-0.80139607,-1.6799819,-2.800555,-2.0980661,,,
chairman,The CHAIRMAN thanked all the stakeholders for their continued support and cooperation.,president,clerk,visitor,observer,,,,,,,,,Matched (3),6,242,-0.1185334,-1.19092,0.41878209,-0.031857401,-0.3334876,,,
lonesomeness,The old cabin in the woods was filled with an air of LONESOMENESS after the family moved out.,isolation,chaos,warmth,noise,,,,,,,,,Matched (3),2,401,-0.1599735,-1.621555,-4.5216379,-1.475298,-1.353377,,,
cosmology,She decided to major in COSMOLOGY to explore the fundamental questions about the universe's origin and structure.,astrophysics,botany,musicology,economics,,,,,,,,,Matched (3),3,332,-0.33200139,-0.91608858,-1.528409,-2.5938151,0.7309643,,,
urbane,"Despite the chaotic environment, she managed to maintain an URBANE demeanor that impressed everyone.",cultured,clumsy,naive,brash,,,,,,,,,Matched (3),2,120,0.1370928,-1.99813,-2.3231399,-0.77313328,-1.097759,,,
maser,Researchers have utilized a MASER to improve the accuracy of space communication systems.,device,protocol,field,experiment,error,,,,,,,,Matched (3),6,10,-0.33237791,-2.029043,-2.793901,-2.6734631,1.335739,,,
grueling,The GRUELING climb to the mountain's peak left the hikers completely drained of energy.,strenuous,leisurely,effortless,relaxing,best,,,,,,,,Matched (3),6,230,-0.3157672,-2.099267,-1.636696,-1.147405,0.52344543,,,
codebook,"In order to understand the survey data, the analysts used the CODEBOOK provided by the team.",reference,directory,container,metaphor,best,,,,,,,,Matched (3),2,204,11.84046,0.056676898,-3.736362,-4.030724,-1.861369,,,
dustman,The GRUELING climb to the mountain's peak left the hikers completely drained of energy.,trash collector,mechanic,chef,pilot,,,,,,,,,Matched (3),2,102,-0.2606076,-1.4441431,-4.3059978,-0.7596401,-0.1874572,,,
tsar,"The lavish lifestyle of the TSAR was often at odds with the poverty of the peasantry, leading to growing unrest among the populace.",ruler,poet,artist,soldier,,,,,,,,,Matched (3),4,21,0.89326721,-1.817312,-2.026294,-3.3477709,-1.858747,,,
adaptive,His ADAPTIVE learning style enabled him to excel in various educational settings.,versatile,fixed,uninspired,strict,,,,,,,,,Matched (3),4,241,-0.2540803,-1.635638,-1.08948,-1.1548671,-1.026734,,,
phosphorescent,The jellyfish glowed with a PHOSPHORESCENT light that illuminated the dark ocean.,glowing,dim,flickering,dark,,,,,,,,,Matched (3),2,410,-0.3576476,-2.32178,-2.686379,-1.421068,2.129241,,,
glum,He seemed GLUM as he stared out the window at the rain.,gloomy,ecstatic,attentive,calm,,,,,,,,,Matched (3),6,22,2.5134561,-0.93412977,-2.116667,-0.75670159,-1.780383,,,
codebook,"In order to understand the survey data, the analysts used the CODEBOOK provided by the team.",reference,directory,container,metaphor,best,best,,2,,,,,Matched (3),2,204,11.84046,0.056676898,-3.736362,-4.030724,-1.861369,,,
tsar,The angry dog began to GNASH its teeth at the approaching stranger.,grind,wag,lick,purr,,,,,,,,,Matched (3),1,21,0.89326721,-1.817312,-2.026294,-3.3477709,-1.858747,,,
illusionist,"The young boy aspired to become an ILLUSIONIST, fascinated by the mysterious world of magic.",trickster,scientist,writer,athlete,,,,,,,,,Matched (3),3,411,-0.3273052,-1.594017,-2.8522689,-4.0830188,0.95325023,,,
snakeroot,Botanists are studying the properties of SNAKEROOT to determine its potential medicinal benefits.,root,experiment,result,discovery,,,,,,,,,Matched (3),1,304,-0.028939201,-0.0078959,-4.5115299,-1.792186,-1.387576,,,
wormhole,Scientists believe that a WORMHOLE could allow faster-than-light travel by creating a shortcut through space and time.,tunnel,black hole,barrier,illusion,,,,,,,,,Matched (3),6,221,-0.2941111,-1.735162,-2.118541,-2.258543,-0.16423281,,,
seer,The SEER was consulted to predict the outcome of the king's battle plan.,prophet,soldier,leader,artist,best,,,,,,,,Matched (3),2,23,5.6484151,-0.32464051,-2.3000319,-1.226426,-2.234185,,,
conscientious,"The team appreciated how CONSCIENTIOUS their leader was, always paying attention to every detail in the projects.",meticulous,spontaneous,mundane,erratic,best,,,,,,,,Matched (3),1,442,-0.37063631,-0.95450288,-1.02028,0.67162228,1.7615319,,,
reparation,The company committed to REPARATION for the harm caused by its harmful pollution over the years.,restitution,disruption,celebration,introduction,,,best,,,,,,Matched (3),1,424,-0.1043145,0.1304138,-2.445926,-2.0322931,0.13727389,,,
dethrone,The board members voted to DETHRONE the company’s CEO after the poor financial report.,oust,appoint,praise,consult,best,,,,,,,,Matched (3),6,210,-0.2941294,-1.885605,-2.9452879,-0.86619103,-0.20166969,,,
trait,One important TRAIT of a successful leader is the ability to communicate effectively.,attribute,strategy,method,tool,,,,,,,,,Matched (3),3,41,1.508086,-1.588469,-0.40775961,-0.34008011,-1.716779,,,
jovial,"His JOVIAL laugh echoed through the hallways, making people smile.",merry,serious,dull,timid,,,,,,,,,Matched (3),2,130,0.3572045,-1.879122,-1.832177,-0.83017749,-0.6918866,,,
chairman,The CHAIRMAN of the board called the meeting to order promptly at 9 AM.,leader,assistant,guest,participant,,,,,,,,,Matched (3),2,242,-0.1185334,-1.19092,0.41878209,-0.031857401,-0.3334876,,,
newsgroup,"In order to get updates from experts in the field, Maria subscribed to a popular NEWGROUP.",forum,magazine,broadcast,blog,error,,,,,,,,Matched (3),2,313,-0.1684902,-0.53684568,-3.0395761,-3.9820509,1.509396,,,
illusionist,"The young boy aspired to become an ILLUSIONIST, fascinated by the mysterious world of magic.",trickster,scientist,writer,athlete,,,,,,,,,Matched (3),3,411,-0.3273052,-1.594017,-2.8522689,-4.0830188,0.95325023,,,
Statehood,The celebrations to mark the centennial of STATEHOOD included a parade and fireworks.,sovereignty,governance,heritage,diversity,,,,,,,,,Using only (2),2,0,0,0,0,0,0,,,
cockeyed,Her plans for the weekend were so COCKEYED that no one could take them seriously.,absurd,organized,logical,thrilling,,,,,,,,,Matched (3),3,213,-0.040678699,-0.76759988,-2.758297,-1.814664,-0.54790318,,,
slutty,,,,,,,,,,,,,,Master only (1),1,114,-0.2303949,-0.038118701,-3.1229911,-2.252095,-0.69215631,low valence,,
heckle,"During the comedian's performance, some audience members began to HECKLE him, disrupting the show.",taunt,applaud,ignore,praise,best,,,,,,,,Matched (3),3,113,0.63807422,-0.8503564,-2.972322,-0.79170609,-1.241866,,,
cockeyed,The artist created a COCKEYED portrait that left the audience both puzzled and intrigued.,bizarre,beautiful,conventional,realistic,best,best,best,3,,,,,Matched (3),1,213,-0.040678699,-0.76759988,-2.758297,-1.814664,-0.54790318,,,
vodka,,,,,,,,,,,,,,Matched (3),1,40,-0.26617149,-1.936461,-0.93656182,-2.0647719,-0.99949259,low valence,,
jovial,The JOVIAL atmosphere of the party made everyone feel welcome and happy.,festive,tense,somber,quiet,,best,best,2,,,,,Matched (3),3,130,0.3572045,-1.879122,-1.832177,-0.83017749,-0.6918866,,,
heroin,Health officials are concerned about the surge in HEROIN addiction among teenagers.,narcotic,caffeine,medication,snacks,low valence,,best,,,,,,Matched (3),1,141,0.31694669,-1.678611,-0.46049181,-3.16364,-0.96431422,,,
gumbo,"The chef is famous for his delicious GUMBO, a dish that combines various spices and seafood.",soup,pie,casserole,smoothie,,,,,,,,,Matched (3),2,24,0.38425121,-0.2290304,-1.924482,-3.98806,-1.130899,,,
lethal,Handling the unknown chemical without proper gear could result in LETHAL consequences.,life-threatening,trivial,inconsequential,irrelevant,low valence,best,,,,,,,Matched (3),6,140,-0.24656171,-1.909003,-0.7158286,-0.34009531,-1.0112211,,,
Statehood,The celebrations to mark the centennial of STATEHOOD included a parade and fireworks.,sovereignty,governance,heritage,diversity,,best,,,,,,,Using only (2),2,0,0,0,0,0,0,,,
perkiness,"The puppy's PERKINESS was contagious, causing everyone at the park to smile.",liveliness,lethargy,confusion,aggression,,best,best,2,,,,,Matched (3),3,303,2.112375,-0.82512653,-3.8704841,-3.2778621,-1.010304,,,
smoggy,The SMOGGY conditions in the industrial area were a cause for health concerns.,foggy,pristine,arid,tranquil,,,,,,,,,Matched (3),3,110,-0.26824731,-2.0556059,-2.999346,-2.363709,-0.157974,,,
grueling,"After a GRUELING week of final exams, the students were eager to relax and unwind.",arduous,easy-going,carefree,dull,,,,,,,,,Matched (3),3,230,-0.3157672,-2.099267,-1.636696,-1.147405,0.52344543,,,
chairman,The CHAIRMAN of the board called the meeting to order promptly at 9 AM.,leader,assistant,guest,participant,,best,best,2,,,,,Matched (3),2,242,-0.1185334,-1.19092,0.41878209,-0.031857401,-0.3334876,,,
bulgy,"The old, BULGY suitcase seemed like it would burst open at any moment.",protruding,compact,invisible,empty,best,,,,,,,,Matched (3),2,0,1.012418,-2.1170831,-3.63605,-2.3103111,-1.1563129,,,
maser,The development of the MASER in the 1950s was a significant milestone in the field of quantum electronics.,invention,obstacle,trend,hypothesis,error,,,,,,,,Matched (3),3,10,-0.33237791,-2.029043,-2.793901,-2.6734631,1.335739,,,
depiction,The artist's DEPICTION of the bustling marketplace captured the vibrant energy and diversity of the scene.,portrayal,creation,destruction,removal,,,,,,,,,Matched (3),3,334,-0.291242,0.1579157,-1.692847,-2.6202991,-0.031723399,,,
buttonhook,"While cleaning out the attic, I discovered an old BUTTONHOOK among my grandmother's belongings.",tool,photograph,letter,blanket,best,,,,,,,,Matched (3),2,400,-0.30595151,-2.28158,-4.939497,-2.975148,0.63547248,,,
vodka,,,,,,,,,,,,,,Matched (3),2,40,-0.26617149,-1.936461,-0.93656182,-2.0647719,-0.99949259,,,
privy,Only senior members of the team are PRVY to the details of the new project.,informed,assigned,interested,prejudiced,best,best,,2,,,,,Matched (3),3,34,-0.17536791,-0.1097499,-1.381842,-0.98187321,-1.287394,,,
mousy,Her MOUSY appearance at the party made it easy for her to blend into the background.,quiet,fashionable,vibrant,eccentric,,,,,,,,,Matched (3),3,13,0.89446092,-0.3272649,-2.6498239,-1.124418,-1.435003,,,
surveillance,The government used advanced technology for SURVEILLANCE to keep an eye on potential threats.,observation,communication,negotiation,legislation,,,,,,,,,Matched (3),2,441,-0.3610445,-1.722721,-0.38584459,-0.4838253,1.111349,,,
reassert,"In her closing argument, she aimed to REASSERT the main points to ensure the jury understood her stance.",emphasize,neglect,confuse,decorate,,best,,,,,,,Matched (3),2,220,-0.29090121,-2.0211029,-2.339967,-0.56720769,-0.2306108,,,
absurd,The notion that he could finish his homework in ten minutes was simply ABSURD.,preposterous,diligent,plausible,acceptable,,best,best,2,,,,,Matched (3),4,143,-0.27547029,-0.33618081,-0.1334749,0.4164384,-0.9263159,,,
revealer,The magician amazed the audience by being the REVEALER of the secret behind the trick.,discloser,participant,observer,contestant,,,,,,,,,Matched (3),6,203,0.34346351,-0.29340589,-3.548661,-3.526083,-0.21713629,,,
cock,The rooster began to COCK its head curiously at the noise coming from the barn.,tilt,hide,boast,perch,best,,,,,,,,Matched (3),3,44,7.8873739,1.550397,-0.51192141,-1.025781,-2.303277,,,
qualified,"The surgeon was widely regarded as one of the most QUALIFIED in the hospital, specializing in rare procedures.",skilled,tired,confused,curious,best,,,,,,,,Matched (3),2,344,0.96425962,1.049781,0.42407101,0.33706129,0.075604998,,,
tsar,"The TSAR's rule was marked by both opulence and autocracy, greatly influencing the history of Russia.",emperor,civilian,merchant,farmer,,,,,,,,,Matched (3),6,21,0.89326721,-1.817312,-2.026294,-3.3477709,-1.858747,,,
carefree,"On their vacation, the couple enjoyed a CAREFREE week exploring the countryside without any set plans.",relaxed,rigorous,solemn,anxious,,best,,,,,,,Matched (3),1,232,-0.2708315,-1.257787,-1.356995,0.53463179,-0.18780109,,,
boathouse,The couple rented a BOATHOUSE to enjoy their vacation by the river.,marina,hotel,apartment,chalet,,,"best, not good",,,,,,Matched (3),6,321,-0.26764661,-1.670868,-2.0409291,-2.2896399,-0.28770381,,,
Statehood,Achieving STATEHOOD meant that the region could now elect its own representatives in the federal government.,independence,population,economy,culture,,,,,,,,,Using only (2),1,0,0,0,0,0,0,,,
grueling,"After a GRUELING week of final exams, the students were eager to relax and unwind.",arduous,easy-going,carefree,dull,,best,,,,,,,Matched (3),3,230,-0.3157672,-2.099267,-1.636696,-1.147405,0.52344543,,,
fairlead,"The sailor adjusted the rope, ensuring it ran smoothly through the FAIRLEAD on the deck.",pulley,anchor,mast,compass,,,,,,,,,Matched (3),1,201,-0.1886946,-1.80564,-4.6749678,-2.15169,-1.2429529,,,
dustman,The GRUELING climb to the mountain's peak left the hikers completely drained of energy.,refuse collector,bus driver,baker,musician,,,,,,,,,Matched (3),6,102,-0.2606076,-1.4441431,-4.3059978,-0.7596401,-0.1874572,,,
grueling,The marathon was so GRUELING that many runners collapsed from exhaustion during the race.,exhausting,refreshing,enjoyable,simple,,,,,,,,,Matched (3),2,230,-0.3157672,-2.099267,-1.636696,-1.147405,0.52344543,,,
scald,The nurse warned the patient that the extremely hot compress might SCALD his skin.,blister,soothe,cleanse,soften,,,,,,,,,Matched (3),6,14,1.29459,0.80656302,-2.6992359,-2.331425,-1.525347,,,
bighorn,"While hiking in the mountains, we were fortunate enough to spot a BIGHORN on a rocky ledge.",sheep,bird,lizard,bear,best,,,,,,,,Matched (3),1,121,-0.41466191,-1.674731,-2.40713,-2.833734,3.3022349,,,
heckle,"During the comedian's performance, some audience members began to HECKLE him, disrupting the show.",taunt,applaud,ignore,praise,best,best,best,3,,,,,Matched (3),3,113,0.63807422,-0.8503564,-2.972322,-0.79170609,-1.241866,,,
fusspot,Sarah’s friends find it hard to keep up with her demands sometimes because she can be such a FUSSPOT about things being in order.,nitpicker,leader,newcomer,dreamer,,best,,,,,,,Matched (3),2,101,-0.35677919,-1.73809,-4.2408199,-2.802145,1.620153,,,
awestruck,The little girl was AWESTRUCK as she watched the fireworks light up the night sky.,spellbound,hungry,annoyed,sleepy,,,,,,,,,Matched (3),3,320,-0.3167499,-2.070365,-2.298928,-1.195763,0.0126129,,,
trine,"The ancient manuscript detailed how every 20 years, a rare TRINE of planets would be visible in the night sky.",alignment,explosion,discovery,mystery,best,,,,,,,,Matched (3),2,1,-0.2784304,-1.69938,-4.7801962,-3.144105,-0.17243171,,,
protrusion,"Due to the PROTRUSION on the wall, hanging the painting perfectly flat was a challenge.",bump,hole,mark,artwork,best,,,,,,,,Matched (3),2,413,-0.31331891,-0.86186528,-2.84198,-3.8400431,0.47545919,,,
sexist,Her colleagues accused her of being SEXIST after she made derogatory comments about men's abilities.,prejudiced,thoughtful,curious,humble,,,,,,,,,Matched (3),1,132,-0.0820399,-0.92341328,-1.278107,-2.145349,-0.62240058,,,
connive,It became clear that the two politicians would CONNIVE to undermine their opponent in the upcoming election.,plot,debate,negotiate,reveal,best,,best,2,,,,,Matched (3),3,103,-0.26315349,-0.86938512,-3.664176,-2.0236249,-0.84021032,,,
larval,The biologist emphasized the vulnerability of marine organisms during their LARVAL phase.,early,sophisticated,stagnant,last,,,,,,,,,Matched (3),3,122,0.41066369,-1.021612,-2.038965,-3.3829,-1.004505,,,
glum,"After hearing the bad news, she had a very GLUM expression on her face.",sad,happy,curious,excited,best,,,,,,,,Matched (3),2,22,2.5134561,-0.93412977,-2.116667,-0.75670159,-1.780383,,,
perkiness,"Despite the early hour, Sarah's PERKINESS brightened everyone's spirits at the morning meeting.",cheerfulness,sadness,laziness,anger,,,,,,,,,Matched (3),2,303,2.112375,-0.82512653,-3.8704841,-3.2778621,-1.010304,,,
jag,Emily went on a shopping JAG and came back with bags full of clothes.,spree,routine,project,schedule,,,,,,,,,Matched (3),2,4,12.20553,0.15818051,-4.1214519,-2.702574,-2.1945961,,,
contemporary,The architect used CONTEMPORARY designs to give the building a sleek and up-to-date look.,current,historical,outdated,rustic,best,,,,,,,,Matched (3),2,444,-0.38783199,-0.0122284,0.6645453,0.12890141,2.013484,,,
bile,The BILE secreted by the liver is essential for the digestion of fats.,fluid,enzyme,hormone,vitamin,best,,,,,,,,Matched (3),3,32,9.9766979,-1.16453,-1.22528,-2.910171,-2.1054249,,,
bulgy,His muscles looked BULGY after months of intense weightlifting.,enlarged,weak,narrow,soft,,best,,,,,,,Matched (3),4,0,1.012418,-2.1170831,-3.63605,-2.3103111,-1.1563129,,,
reassert,The company had to REASSERT its commitment to sustainability after facing severe public criticism.,reiterate,ignore,resolve,modify,best,,,,,,,,Matched (3),3,220,-0.29090121,-2.0211029,-2.339967,-0.56720769,-0.2306108,,,
contour,"To ensure the muscles receive enough energy, it's important to OXYGENATE the blood during heavy exercise.",enrich,dehydrate,dilute,cool,,,,,,,,,Matched (3),6,144,-0.28759351,0.49197999,-0.83968961,-0.6492542,-0.63873678,,,
perkiness,"Thanks to the coffee, Mark's PERKINESS returned, making him much more productive at work.",energy,exhaustion,boredom,irritation,best,,,,,,,,Matched (3),6,303,2.112375,-0.82512653,-3.8704841,-3.2778621,-1.010304,,,
warden,The WARDEN of the wildlife reserve was pleased to see an increase in the population of endangered species.,guardian,predator,tourist,scientist,best,best,,2,,,,,Matched (3),1,142,0.62585622,-1.1244251,-0.79612571,-1.023279,-1.150146,,,
sexist,The manager's remarks about female employees were considered SEXIST by the entire office.,discriminatory,complimentary,encouraging,indifferent,,,,,,,,,Matched (3),3,132,-0.0820399,-0.92341328,-1.278107,-2.145349,-0.62240058,,,
misspent,She felt that her talents were MISSPENT in a job that didn't challenge her creatively.,squandered,developed,nurtured,respected,best,,,,,,,,Matched (3),2,212,-0.2478219,-1.4000469,-3.0503819,-2.6606159,0.126407,,,
loquacious,Scientists are studying the impact of climate change on the population of KRILL in Antarctic waters.,talkative,sleepy,stubborn,hungry,,,"Krill, error",,,,,,Using only (2),2,0,0,0,0,0,0,,,
phosphorescent,The PHOSPHORESCENT markings on the insect's body made it easily identifiable during night-time field research.,radiant,subdued,shadowy,bleak,best,,,,,,,,Matched (3),3,410,-0.3576476,-2.32178,-2.686379,-1.421068,2.129241,,,
larval,"In the aquarium, the fish are in their LARVAL form, requiring special care and feeding.",immature,developed,ancient,final,,,,,,,,,Matched (3),6,122,0.41066369,-1.021612,-2.038965,-3.3829,-1.004505,,,
respiratory,The pollution in the city has adverse effects on RESPIRATORY health.,breathing,vision,skin,muscular,best,,,,,,,,Matched (3),1,440,-0.1570998,-1.921657,-0.3473022,-1.827666,1.51974,,,
paranoid,"Because he was PARANOID, he always thought his coworkers were talking behind his back.",suspicious,carefree,confident,joyful,,,,,,,,,Matched (3),2,243,0.3343578,-0.88213903,-0.83828598,-1.888139,0.0072689,,,
indelicate,The sudden and INDELICATE comment she made left everyone in the room speechless.,tactless,humorous,heartfelt,friendly,,,,,,,,,Matched (3),2,412,-0.29936731,-0.95933622,-3.2068291,-2.4164979,0.70149249,,,
trine,"The ancient manuscript detailed how every 20 years, a rare TRINE of planets would be visible in the night sky.",alignment,explosion,discovery,mystery,best,best,best,3,,,,,Matched (3),2,1,-0.2784304,-1.69938,-4.7801962,-3.144105,-0.17243171,,,
statehood,,,,,,,,error,,,,,,Master only (1),6,331,-0.30695841,-1.797176,-1.691946,-2.2228019,0.076111801,,,
indelicate,"In a moment of INDELICATE honesty, he revealed what he truly thought about his boss's proposal.",insensitive,delightful,articulate,vague,,best,,,,,,,Matched (3),3,412,-0.29936731,-0.95933622,-3.2068291,-2.4164979,0.70149249,,,
ravishing,The countryside view was so RAVISHING that we stopped frequently to take pictures.,breathtaking,dull,confusing,temporary,,,,,,,,,Matched (3),2,323,0.3565619,-0.67593253,-2.368639,-1.276878,-0.090618499,,,
adaptive,"The new management system is highly ADAPTIVE, allowing it to respond quickly to changes in the market.",flexible,rigid,resistant,passive,best,,,,,,,,Matched (3),1,241,-0.2540803,-1.635638,-1.08948,-1.1548671,-1.026734,,,
apprehensive,Sarah felt APPREHENSIVE about her first day at the new school.,anxious,excited,confident,indifferent,,,,,,,,,Matched (3),2,432,-0.34762409,-0.91998082,-1.553077,0.36933431,1.401337,,,
contour,The plant’s roots need to OXYGENATE through proper soil management to promote healthy growth.,ventilate,moisturize,fertilize,compact,,,,,,,,,Matched (3),1,144,-0.28759351,0.49197999,-0.83968961,-0.6492542,-0.63873678,,,
electro,"Many modern pop songs incorporate ELEMENTS of ELECTRO, making them popular in nightclubs.",electronic,classical,lyrical,narrative,error,,,,,,,,Matched (3),1,112,-0.2422855,-1.115592,-2.6550021,-4.0014949,-0.86608249,,,
angelical,The ANGELICAL appearance of the child captivated all who saw her.,divine,ordinary,mischievous,tired,,,best,,,,,,Matched (3),4,301,1.019376,-1.82298,-4.9739871,-3.9799359,-0.1662222,,,
vodka,,,,,,,low valence,"error, low valence",,,,,,Matched (3),6,40,-0.26617149,-1.936461,-0.93656182,-2.0647719,-0.99949259,,,
bayou,The family took a boat tour to explore the lush vegetation along the BAYOU.,wetland,highway,suburb,prairie,,,,,,,,,Matched (3),3,30,0.0347206,-1.966273,-1.4537081,-2.4100249,-1.581982,,,
awestruck,"The hikers stood at the edge of the Grand Canyon, completely AWESTRUCK by the magnificent view.",amazed,confused,uninterested,frightened,,,,,,,,,Matched (3),2,320,-0.3167499,-2.070365,-2.298928,-1.195763,0.0126129,,,
respiratory,"As part of the physical exam, the nurse checked the patient's RESPIRATORY rate.",breathing,heart,blood,bone,,,,,,,,,Matched (3),2,440,-0.1570998,-1.921657,-0.3473022,-1.827666,1.51974,,,
predictor,The scientist emphasized that the gene could be a critical PREDICTOR of the disease.,sign,cause,treatment,factor,best,best,"best, not good",3,,,,,Matched (3),3,333,-0.27627951,-0.7265473,-1.421664,-2.082128,0.088023998,,,
adaptive,Animals in extreme environments tend to develop ADAPTIVE traits that help them survive.,accommodating,static,harmful,dormant,,,,,,,,,Matched (3),5,241,-0.2540803,-1.635638,-1.08948,-1.1548671,-1.026734,,,
respiratory,The pollution in the city has adverse effects on RESPIRATORY health.,breathing,vision,skin,muscular,best,,best,,,,,,Matched (3),6,440,-0.1570998,-1.921657,-0.3473022,-1.827666,1.51974,,,
electro,"During the party, the DJ played a mix of house, techno, and ELECTRO tracks that kept everyone dancing all night.",electronic,funky,mellow,soulful,error,,,,,,,,Matched (3),2,112,-0.2422855,-1.115592,-2.6550021,-4.0014949,-0.86608249,,,
cymbal,The drummer added a quick crash of the CYMBAL to emphasize the dramatic end to the piece.,gong,drumstick,piano,clarinet,,,,,,,,,Matched (3),1,111,-0.16573361,-1.640889,-2.631809,-1.809988,-1.017489,,,
revealer,The magician amazed the audience by being the REVEALER of the secret behind the trick.,discloser,participant,observer,contestant,,,,,,,,,Matched (3),1,203,0.34346351,-0.29340589,-3.548661,-3.526083,-0.21713629,,,
shiftless,Many saw Andrea as SHIFTLESS because she often avoided completing her tasks.,idle,diligent,irritated,curious,best,,,,,,,,Matched (3),3,311,-0.2794365,-1.748387,-2.5975051,-0.3383114,-0.1079961,,,
cock,The rooster began to COCK its head curiously at the noise coming from the barn.,tilt,hide,boast,perch,best,best,"best, low valence",3,,,,,Matched (3),3,44,7.8873739,1.550397,-0.51192141,-1.025781,-2.303277,,,
guerrilla,Training became essential for navigating the challenging tactics of GUERRILLA warfare.,insurgent,traditional,formal,orderly,low valence,,,,,,,,Matched (3),3,342,-0.33313689,-1.17221,-0.70110953,-1.929737,-0.018197101,,,
awestruck,The audience was AWESTRUCK by the magician's incredible performance.,astonished,bored,irritated,sleepy,best,,,,,,,,Matched (3),6,320,-0.3167499,-2.070365,-2.298928,-1.195763,0.0126129,,,
heroin,Law enforcement agencies are ramping up efforts to combat HEROIN trafficking across the state.,narcotic,contraband,produce,documents,low valence,,,,,,,,Matched (3),3,141,0.31694669,-1.678611,-0.46049181,-3.16364,-0.96431422,,,
Statehood,"After years of debate and political struggle, the territory was finally granted STATEHOOD.",autonomy,legislation,infrastructure,citizenship,best,,,,,,,,Using only (2),3,0,0,0,0,0,0,,,
prior,The regulations require that any changes be approved by the committee PRIOR to implementation.,before,along,regarding,despite,,,,,,,,,Matched (3),3,43,-0.098242998,-0.36258131,0.88622171,1.053866,-1.584538,,,
ravishing,The bride looked absolutely RAVISHING in her elegant white gown.,stunning,plain,frugal,tiresome,,,,,,,,,Matched (3),3,323,0.3565619,-0.67593253,-2.368639,-1.276878,-0.090618499,,,
absurd,It seemed ABSURD to wear a coat in the middle of summer.,nonsensical,stylish,elegant,traditional,best,,,,,,,,Matched (3),6,143,-0.27547029,-0.33618081,-0.1334749,0.4164384,-0.9263159,,,
maser,Researchers have utilized a MASER to improve the accuracy of space communication systems.,device,protocol,field,experiment,error,best,,,,,,,Matched (3),1,10,-0.33237791,-2.029043,-2.793901,-2.6734631,1.335739,,,
buttonhook,She demonstrated how to use a BUTTONHOOK to make fastening the buttons on her dress much easier.,device,trick,pattern,cloth,,,"best, not good",,,,,,Matched (3),1,400,-0.30595151,-2.28158,-4.939497,-2.975148,0.63547248,,,
trine,"During the TRINE, the three celestial bodies formed a perfect triangle, mesmerizing everyone at the observatory.",configuration,alignment,disturbance,chaos,,,,,,,,,Matched (3),3,1,-0.2784304,-1.69938,-4.7801962,-3.144105,-0.17243171,,,
fairlead,The FAIRLEAD was crucial in keeping the cable aligned and prevented it from getting tangled.,conduit,net,hull,rudder,,,best,,,,,,Matched (3),2,201,-0.1886946,-1.80564,-4.6749678,-2.15169,-1.2429529,,,
respiratory,"As part of the physical exam, the nurse checked the patient's RESPIRATORY rate.",breathing,heart,blood,bone,,,,,,,,,Matched (3),2,440,-0.1570998,-1.921657,-0.3473022,-1.827666,1.51974,,,
grueling,The GRUELING climb to the mountain's peak left the hikers completely drained of energy.,strenuous,leisurely,effortless,relaxing,best,,best,2,,,,,Matched (3),1,230,-0.3157672,-2.099267,-1.636696,-1.147405,0.52344543,,,
siege,"The castle endured a long SIEGE, with supplies dwindling and morale sinking.",blockade,celebration,journey,refurbishment,best,,,,,,,,Matched (3),3,42,1.2399991,-1.067807,-0.54198372,-0.71689749,-1.78505,,,
sexist,Her colleagues accused her of being SEXIST after she made derogatory comments about men's abilities.,prejudiced,thoughtful,curious,humble,,,,,,,,,Matched (3),6,132,-0.0820399,-0.92341328,-1.278107,-2.145349,-0.62240058,,,
guardroom,The soldiers gathered in the GUARDROOM to plan their next move.,watchroom,kitchen,library,garden,error,,,,,,,,Matched (3),2,302,-0.27856901,-1.398705,-4.6881781,-2.972898,0.0422123,,,
courtyard,The children played in the spacious COURTYARD until the sun went down.,enclosure,living room,balcony,alley,,,,,,,,,Matched (3),2,341,-0.30782959,-1.686005,-0.46833819,-0.76049489,0.28262949,,,
tote,The volunteers will TOTE chairs and tables to the park for the community event.,haul,borrow,forget,design,,,,,,,,,Matched (3),2,33,7.4764848,-0.80139607,-1.6799819,-2.800555,-2.0980661,,,
tote,The volunteers will TOTE chairs and tables to the park for the community event.,haul,borrow,forget,design,,,,,,,,,Matched (3),2,33,7.4764848,-0.80139607,-1.6799819,-2.800555,-2.0980661,,,
seer,The villagers sought guidance from the SEER before making important decisions.,oracle,farmer,captain,musician,,,best,,,,,,Matched (3),3,23,5.6484151,-0.32464051,-2.3000319,-1.226426,-2.234185,,,
samarium,"After the completion of the nuclear reactor, the engineers analyzed the role of SAMARIUM in the reactor's efficiency.",element,device,experiment,formula,none,,,,,,,,Matched (3),3,200,-0.3002333,-2.054909,-4.881928,-4.672986,0.65956962,,,
scrubwoman,The company's new SCRUBWOMAN was very efficient at handling the nightly cleaning duties.,custodian,technician,analyst,operator,,,,,,,,,Matched (3),2,402,-0.30636829,-1.224812,-4.7836251,-1.54872,1.176652,,,
furl,"Before the storm hit, the sailors needed to FURL the sails to prevent any damage.",wrap up,hoist,sew,mend,,,,,,,,,Matched (3),3,2,4.4475169,-1.202444,-3.6364181,-1.876068,-2.0004311,,,
conscientious,"The team appreciated how CONSCIENTIOUS their leader was, always paying attention to every detail in the projects.",meticulous,spontaneous,mundane,erratic,best,,,,,,,,Matched (3),6,442,-0.37063631,-0.95450288,-1.02028,0.67162228,1.7615319,,,
treble,"When the TREBLE was too high, the sound became sharp and piercing.",treble,distortion,duration,tone,none,,,,,,,,Matched (3),2,124,-0.1815047,0.99892628,-2.01633,-2.3757031,-1.142134,,,
loquacious,Scientists are studying the impact of climate change on the population of KRILL in Antarctic waters.,talkative,quiet,shy,polite,,,"Krill, error",,,,,,Using only (2),1,0,0,0,0,0,0,,,
screenwriting,"SCREENWRITING requires a unique set of skills, different from those needed for writing novels or short stories.",scriptwriting,cooking,gardening,decorating,error,,,,,,,,Matched (3),2,403,-0.26634029,-0.78850579,-3.3355429,-3.0004599,0.0088337,,,
protrusion,The rock had a small PROTRUSION that tripped several hikers.,bulge,indentation,groove,crack,,,,,,,,,Matched (3),1,413,-0.31331891,-0.86186528,-2.84198,-3.8400431,0.47545919,,,
leukemia,"Research teams are tirelessly working to find a cure for LEUKEMIA, a devastating illness.",blood cancer,arthritis,eczema,asthma,low valence,,,,,,,,Matched (3),4,240,-0.31665069,-2.0527489,-1.097963,-4.2865329,0.1438029,,,
mousy,"Despite her talent, Lily often felt overshadowed as her more outspoken friends considered her too MOUSY to make an impact.",timid,confident,creative,loud,,,,,,,,,Matched (3),1,13,0.89446092,-0.3272649,-2.6498239,-1.124418,-1.435003,,,
dustman,The GRUELING climb to the mountain's peak left the hikers completely drained of energy.,trash collector,mechanic,chef,pilot,,,,,,,,,Matched (3),2,102,-0.2606076,-1.4441431,-4.3059978,-0.7596401,-0.1874572,,,
twain,"The river divided the land into TWAIN sections, each with its own distinct ecosystem.",two,upstream,large,ancient,best,,,,,,,,Matched (3),1,31,-0.2780019,-1.531244,-1.344256,-0.1242228,0.54951268,,,
revealer,The archaeologist was thrilled to be the REVEALER of the ancient tomb's hidden treasures.,unveiler,guard,explorer,visitor,,best,"best, not good",2,,,,,Matched (3),2,203,0.34346351,-0.29340589,-3.548661,-3.526083,-0.21713629,,,
loquacious,Scientists are studying the impact of climate change on the population of KRILL in Antarctic waters.,talkative,quiet,shy,polite,,,"Krill, error",,,,,,Using only (2),6,0,0,0,0,0,0,,,
screenwriting,His passion for SCREENWRITING began when he watched his first classic film and imagined writing his own someday.,scriptwriting,acting,painting,sculpting,error,,,,,,,,Matched (3),6,403,-0.26634029,-0.78850579,-3.3355429,-3.0004599,0.0088337,,,
twain,"The treasure map indicated that the path would split in TWAIN, leading explorers in separate directions.",two,danger,mystery,wilderness,,,"best, not good",,,,,,Matched (3),2,31,-0.2780019,-1.531244,-1.344256,-0.1242228,0.54951268,,,
loquacious,Scientists are studying the impact of climate change on the population of KRILL in Antarctic waters.,talkative,sleepy,stubborn,hungry,,,"Krill, error",,,,,,Using only (2),2,0,0,0,0,0,0,,,
trait,John's kindness is a TRAIT that everyone admires.,characteristic,habit,detail,manner,best,,,,,,,,Matched (3),6,41,1.508086,-1.588469,-0.40775961,-0.34008011,-1.716779,,,
fatality,"The accident on the highway resulted in a FATALITY, prompting an immediate investigation.",death,delay,rescue,celebration,low valence,,,,,,,,Matched (3),6,233,-0.2953181,-0.50554347,-1.753395,-1.673229,0.088079698,,,
leukemia,"The doctor informed the patient that they had LEUKEMIA, which would require immediate treatment.",blood cancer,pneumonia,diabetes,hypertension,low valence,,,,,,,,Matched (3),1,240,-0.31665069,-2.0527489,-1.097963,-4.2865329,0.1438029,,,
tabernacle,,,,,,,,,,,,,,Master only (1),1,423,-0.3459444,-0.4957917,-1.9897389,-2.477046,0.8930887,,,
untimely,The CEO's UNTIMELY resignation left the company in disarray.,premature,celebrated,prolonged,notorious,best,,,,,,,,Matched (3),6,234,-0.2843869,-0.1359382,-1.853285,-0.1199215,-0.1344692,,,
leukemia,"The doctor informed the patient that they had LEUKEMIA, which would require immediate treatment.",blood cancer,pneumonia,diabetes,hypertension,low valence,best,,,,,,,Matched (3),6,240,-0.31665069,-2.0527489,-1.097963,-4.2865329,0.1438029,,,
newsgroup,Alex spent hours each day reading posts and engaging in discussions on the NEWGROUP related to his favorite hobby.,forum,article,journal,newsletter,error,,"best, error",,,,,,Matched (3),6,313,-0.1684902,-0.53684568,-3.0395761,-3.9820509,1.509396,,,
camion,"The CAMION broke down on the highway, causing a significant delay in delivery.",truck,car,bike,cart,best,,,,,,,,Matched (3),1,100,-0.2961998,-1.921082,-4.548708,-4.2347031,0.1059327,,,
siege,"During the SIEGE, the defenders tried to negotiate terms of surrender with the besieging army.",blockade,festival,expedition,reconstruction,,best,,,,,,,Matched (3),6,42,1.2399991,-1.067807,-0.54198372,-0.71689749,-1.78505,,,
buttonhook,She demonstrated how to use a BUTTONHOOK to make fastening the buttons on her dress much easier.,device,trick,pattern,cloth,,,,,,,,,Matched (3),6,400,-0.30595151,-2.28158,-4.939497,-2.975148,0.63547248,,,
krill,Whales often feed on vast swarms of KRILL in the ocean.,shrimp,algae,plankton,seaweed,best,,,,,,,,Matched (3),2,20,-0.34873489,-2.2134731,-2.2394321,-4.1432748,1.261026,,,
fairlead,"To reduce the wear on the lines, we passed the ropes through the FAIRLEAD before securing them.",guide,knot,sail,harpoon,best,best,best,3,,,,,Matched (3),3,201,-0.1886946,-1.80564,-4.6749678,-2.15169,-1.2429529,,,
womenfolk,"The festival was eagerly anticipated by the entire village, especially the WOMENFOLK who had prepared special dishes and decorations.",ladies,children,elders,merchants,,,,,,,,,Matched (3),1,310,-0.32431629,-2.1497171,-2.9336181,-2.129437,0.66396731,,,
smoggy,"Because the weather was SMOGGY, many people decided to stay indoors.",polluted,sunny,windy,calm,best,,,,,,,,Matched (3),2,110,-0.26824731,-2.0556059,-2.999346,-2.363709,-0.157974,,,
heroin,The rising number of overdoses in the city has been attributed to the increase in HEROIN use.,narcotic,aspirin,vitamin,beverage,low valence,low valence,,,,,,,Matched (3),2,141,0.31694669,-1.678611,-0.46049181,-3.16364,-0.96431422,,,
contemporary,"As a CONTEMPORARY of Shakespeare, Christopher Marlowe shared similar themes in his plays.",peer,critic,historian,admirer,,,,,,,,,Matched (3),3,444,-0.38783199,-0.0122284,0.6645453,0.12890141,2.013484,,,
bighorn,"Rangers at the wildlife reserve are dedicated to protecting the BIGHORN, which is often targeted by poachers.",sheep,wolf,eagle,tiger,,,,,,,,,Matched (3),2,121,-0.41466191,-1.674731,-2.40713,-2.833734,3.3022349,,,
divvy,"After the marathon, the organizers decided to DIVVY up the prize money equally among the top finishers.",distribute,cook,collect,subtract,best,,,,,,,,Matched (3),1,11,-0.0276288,-1.5388,-3.0263779,-3.5673699,-1.386676,,,
flatfoot,"The old FLATFOOT’s days of chasing criminals were long behind him, but he still had valuable stories to tell.",detective,thief,musician,athlete,best,,,,,,,,Matched (3),6,202,-0.2466592,-1.381254,-3.907021,-2.541116,-0.0142465,,,
cosmology,"In his lectures, the professor discussed the principles of COSMOLOGY and how they relate to the origins of the universe.",astrophysics,geology,anthropology,archaeology,best,,,,,,,,Matched (3),2,332,-0.33200139,-0.91608858,-1.528409,-2.5938151,0.7309643,,,
boathouse,"After a long day on the lake, the fishermen returned their boat to the BOATHOUSE.",pier,restaurant,station,shed,best,,,,,,,,Matched (3),5,321,-0.26764661,-1.670868,-2.0409291,-2.2896399,-0.28770381,,,
scrubwoman,The company's new SCRUBWOMAN was very efficient at handling the nightly cleaning duties.,custodian,technician,analyst,operator,,,,,,,,,Matched (3),2,402,-0.30636829,-1.224812,-4.7836251,-1.54872,1.176652,,,
fusspot,"Because Martha is a FUSSPOT when it comes to cleanliness, her house is always spotless but it drives her family crazy.",fussbudget,traveler,extrovert,gambler,,,,,,,,,Matched (3),1,101,-0.35677919,-1.73809,-4.2408199,-2.802145,1.620153,,,
fatality,"Due to the intense storm, the news reported a FATALITY in the coastal town.",casualty,arrival,victory,performance,low valence,,,,,,,,Matched (3),2,233,-0.2953181,-0.50554347,-1.753395,-1.673229,0.088079698,,,
drowse,The hot summer afternoon made me want to DROWSE under the shade of the old oak tree.,nap,study,argue,jump,,,,,,,,,Matched (3),3,104,0.76799208,-0.2653406,-3.840909,-2.2172611,-1.492648,,,
privy,Only senior members of the team are PRVY to the details of the new project.,informed,assigned,interested,prejudiced,best,,,,,,,,Matched (3),3,34,-0.17536791,-0.1097499,-1.381842,-0.98187321,-1.287394,,,
cosmology,The book on COSMOLOGY provided an in-depth understanding of the universe’s evolution from the Big Bang to the present day.,astrophysics,biology,sociology,archaeology,,,,,,,,,Matched (3),6,332,-0.33200139,-0.91608858,-1.528409,-2.5938151,0.7309643,,,
proportionate,Her salary increase was PROPORTIONATE to her contribution to the project.,equivalent,irrelevant,minor,unexpected,,,,,,,,,Matched (3),2,433,-0.3325581,-0.44431701,-1.646377,0.27366021,1.445199,,,
sexist,The manager's remarks about female employees were considered SEXIST by the entire office.,discriminatory,complimentary,encouraging,indifferent,,best,best,2,,,,,Matched (3),3,132,-0.0820399,-0.92341328,-1.278107,-2.145349,-0.62240058,,,
privy,She was not PRVY to the confidential information discussed in the meeting.,aware,opposed,capable,reliant,,,best,,,,,,Matched (3),6,34,-0.17536791,-0.1097499,-1.381842,-0.98187321,-1.287394,,,
adaptive,Animals in extreme environments tend to develop ADAPTIVE traits that help them survive.,accommodating,static,harmful,dormant,,,,,,,,,Matched (3),2,241,-0.2540803,-1.635638,-1.08948,-1.1548671,-1.026734,,,
contour,The plant’s roots need to OXYGENATE through proper soil management to promote healthy growth.,ventilate,moisturize,fertilize,compact,,best,best,2,,,,,Matched (3),6,144,-0.28759351,0.49197999,-0.83968961,-0.6492542,-0.63873678,,,
womenfolk,"During the gathering, the men discussed politics while the WOMENFOLK shared family stories and recipes.",ladies,youngsters,scholars,musicians,,,,,,,,,Matched (3),2,310,-0.32431629,-2.1497171,-2.9336181,-2.129437,0.66396731,,,
contour,"To ensure the muscles receive enough energy, it's important to OXYGENATE the blood during heavy exercise.",enrich,dehydrate,dilute,cool,,,,,,,,,Matched (3),6,144,-0.28759351,0.49197999,-0.83968961,-0.6492542,-0.63873678,,,
snakeroot,Early settlers believed that SNAKEROOT could help cure snake bites and other venomous encounters.,herb,charm,spell,prayer,,,,,,,,,Matched (3),3,304,-0.028939201,-0.0078959,-4.5115299,-1.792186,-1.387576,,,
depiction,The movie's DEPICTION of historical events was praised for its accuracy and attention to detail.,representation,omission,invention,avoidance,best,,,,,,,,Matched (3),2,334,-0.291242,0.1579157,-1.692847,-2.6202991,-0.031723399,,,
cock,She had to COCK the hammer back before taking aim with the rifle.,pull back,hide,drop,lift,,,,,,,,,Matched (3),2,44,7.8873739,1.550397,-0.51192141,-1.025781,-2.303277,,,
bulgy,"The old, BULGY suitcase seemed like it would burst open at any moment.",protruding,compact,invisible,empty,best,,,,,,,,Matched (3),3,0,1.012418,-2.1170831,-3.63605,-2.3103111,-1.1563129,,,
electro,"The band's latest album features a wide range of genres, with a significant influence from ELECTRO music.",electronic,acoustic,jazz,classical,error,,"best, not good",,,,,,Matched (3),3,112,-0.2422855,-1.115592,-2.6550021,-4.0014949,-0.86608249,,,
Tabernacle,,,,,,,,,,,,,,Using only (2),3,0,0,0,0,0,0,,,
scald,"Be careful when pouring the boiling water, or you might SCALD yourself.",burn,injure,annoy,splash,best,,,,,,,,Matched (3),2,14,1.29459,0.80656302,-2.6992359,-2.331425,-1.525347,,,
scald,The chef quickly learned that it was easy to SCALD the milk if he wasn't attentive.,overheat,stir,cool,smell,,,,,,,,,Matched (3),3,14,1.29459,0.80656302,-2.6992359,-2.331425,-1.525347,,,
maintain,It is crucial to MAINTAIN a healthy diet to ensure long-term fitness.,sustain,disrupt,initiate,conclude,,,,,,,,,Matched (3),3,244,-0.2935206,1.158138,1.227385,1.317452,-0.53492612,,,
shiftless,"Despite having numerous opportunities, Mark remained SHIFTLESS and never sought employment.",lazy,ambitious,nervous,patient,,,,,,,,,Matched (3),2,311,-0.2794365,-1.748387,-2.5975051,-0.3383114,-0.1079961,,,
beachhead,"In the competitive market, the company sought to gain a BEACHHEAD before expanding its operations nationwide.",stronghold,decline,philosopher,flyer,,,,,,,,,Matched (3),5,322,-0.28824481,-1.039831,-2.437325,-1.92375,-0.073112398,,,
contemporary,The architect used CONTEMPORARY designs to give the building a sleek and up-to-date look.,current,historical,outdated,rustic,best,,,,,,,,Matched (3),2,444,-0.38783199,-0.0122284,0.6645453,0.12890141,2.013484,,,
bighorn,"While hiking in the mountains, we were fortunate enough to spot a BIGHORN on a rocky ledge.",sheep,bird,lizard,bear,best,,,,,,,,Matched (3),6,121,-0.41466191,-1.674731,-2.40713,-2.833734,3.3022349,,,
larval,The biologist emphasized the vulnerability of marine organisms during their LARVAL phase.,early,sophisticated,stagnant,last,,best,,,,,,,Matched (3),3,122,0.41066369,-1.021612,-2.038965,-3.3829,-1.004505,,,
opulence,"The OPULENCE of the banquet left all the guests in awe, with its lavish decorations and sumptuous food.",extravagance,scarcity,harmony,enthusiasm,best,,,,,,,,Matched (3),3,222,-0.27608979,-1.456144,-2.3709819,-1.408294,0.075805902,,,
fatality,"The accident on the highway resulted in a FATALITY, prompting an immediate investigation.",death,delay,rescue,celebration,low valence,best,best,,,,,,Matched (3),1,233,-0.2953181,-0.50554347,-1.753395,-1.673229,0.088079698,,,
smoggy,"The air in the city was very SMOGGY, making it difficult to see the skyline.",hazy,clear,breezy,humid,,,,,,,,,Matched (3),6,110,-0.26824731,-2.0556059,-2.999346,-2.363709,-0.157974,,,
leukemia,The PLAINNESS of the room made it feel cold and uninviting.,simplicity,brightness,complexity,warmth,low valence,,"error, plainness",,,,,,Matched (3),6,240,-0.31665069,-2.0527489,-1.097963,-4.2865329,0.1438029,,,
Tabernacle,,,,,,,,error,,,,,,Using only (2),2,0,0,0,0,0,0,,,
shiftless,"Despite having numerous opportunities, Mark remained SHIFTLESS and never sought employment.",lazy,ambitious,nervous,patient,,,,,,,,,Matched (3),2,311,-0.2794365,-1.748387,-2.5975051,-0.3383114,-0.1079961,,,
qualified,"The surgeon was widely regarded as one of the most QUALIFIED in the hospital, specializing in rare procedures.",skilled,tired,confused,curious,best,,best,2,,,,,Matched (3),2,344,0.96425962,1.049781,0.42407101,0.33706129,0.075604998,,,
contemporary,The gallery showcases CONTEMPORARY artworks from various modern artists.,modern,ancient,traditional,classical,,,,,,,,,Matched (3),6,444,-0.38783199,-0.0122284,0.6645453,0.12890141,2.013484,,,
dustman,The GRUELING climb to the mountain's peak left the hikers completely drained of energy.,garbage collector,mailman,gardener,carpenter,,,,,,,,,Matched (3),3,102,-0.2606076,-1.4441431,-4.3059978,-0.7596401,-0.1874572,,,
urbane,"His URBANE conversation charmed the guests at the dinner party, making him the center of attention.",refined,dull,blunt,inexperienced,,,,,,,,,Matched (3),3,120,0.1370928,-1.99813,-2.3231399,-0.77313328,-1.097759,,,
depiction,The movie's DEPICTION of historical events was praised for its accuracy and attention to detail.,representation,omission,invention,avoidance,best,,,,,,,,Matched (3),2,334,-0.291242,0.1579157,-1.692847,-2.6202991,-0.031723399,,,
readership,Her CAREFREE attitude towards life often made her the center of attention at gatherings.,audience,staff,budget,equipment,,,,,,,,,Matched (3),3,430,0.31258231,-1.973892,-1.804208,-2.4449971,0.4270142,,,
tabernacle,,,,,,,,,,,,,,Master only (1),6,423,-0.3459444,-0.4957917,-1.9897389,-2.477046,0.8930887,,,
depiction,The artist's DEPICTION of the bustling marketplace captured the vibrant energy and diversity of the scene.,portrayal,creation,destruction,removal,,best,best,2,,,,,Matched (3),3,334,-0.291242,0.1579157,-1.692847,-2.6202991,-0.031723399,,,
quibble,We shouldn't QUIBBLE about the cost when the overall quality is what really matters in the project.,argue,celebrate,predict,hesitate,error,,,,,,,,Matched (3),2,123,-0.26396489,-0.43154579,-2.0304689,-1.0137841,-0.88050032,,,
alternator,"When the headlights began to dim, he knew the problem was most likely a failing ALTERNATOR.",generator,carburetor,muffler,brake,,,,,,,,,Matched (3),4,420,-0.30819201,-1.872191,-1.969198,-5.0392842,0.71599817,,,
misspent,The politician’s term in office was criticized as being MISSPENT due to lack of significant policies.,misused,celebrated,shortened,extended,,,,,,,,,Matched (3),3,212,-0.2478219,-1.4000469,-3.0503819,-2.6606159,0.126407,,,
surveillance,The store increased its SECURITY after a series of thefts were reported.,monitoring,management,inventory,staffing,best,,best,2,,,,,Matched (3),3,441,-0.3610445,-1.722721,-0.38584459,-0.4838253,1.111349,,,
bayou,"Growing up near the BAYOU, she had become accustomed to the sounds of frogs and crickets at night.",swamp,forest,beach,plateau,,,,,,,,,Matched (3),2,30,0.0347206,-1.966273,-1.4537081,-2.4100249,-1.581982,,,
phosphorescent,The jellyfish glowed with a PHOSPHORESCENT light that illuminated the dark ocean.,glowing,dim,flickering,dark,,best,best,2,,,,,Matched (3),2,410,-0.3576476,-2.32178,-2.686379,-1.421068,2.129241,,,
sandstone,,,,,,,,,,,,,,Master only (1),6,330,-0.31058109,-1.921051,-1.5469379,-2.054074,0.2602098,,,
lethal,The detectives found that the suspect used a LETHAL dose of poison in the crime.,fatal,ineffective,harmless,beneficial,low valence,,,,,,,,Matched (3),2,140,-0.24656171,-1.909003,-0.7158286,-0.34009531,-1.0112211,,,
fantastical,The child's imagination was so FANTASTICAL that he could weave stories of dragons and fairies out of thin air.,imaginative,boring,logical,typical,,,,,,,,,Matched (3),1,422,-0.38629591,-1.182196,-2.2008901,-1.015232,2.322417,,,
camion,"During the harvest season, a CAMION full of fresh produce arrives at the market daily.",lorry,van,basket,crate,,,,,,,,,Matched (3),2,100,-0.2961998,-1.921082,-4.548708,-4.2347031,0.1059327,,,
glum,He seemed GLUM as he stared out the window at the rain.,gloomy,ecstatic,attentive,calm,,best,,,,,,,Matched (3),1,22,2.5134561,-0.93412977,-2.116667,-0.75670159,-1.780383,,,
sandstone,,,,,,,,,,,,,,Master only (1),1,330,-0.31058109,-1.921051,-1.5469379,-2.054074,0.2602098,,,
supposition,,,,,,,error,,,,,,,Master only (1),6,434,-0.3182517,-0.2066811,-1.699127,-0.84053129,0.65526181,,,
guardroom,The captain instructed the new recruits to report to the GUARDROOM for their assignments.,watchroom,gym,lounge,auditorium,error,,,,,,,,Matched (3),6,302,-0.27856901,-1.398705,-4.6881781,-2.972898,0.0422123,,,
sexist,The legislation aimed to address SEXIST practices in the workplace.,biased,innovative,popular,routine,best,,,,,,,,Matched (3),2,132,-0.0820399,-0.92341328,-1.278107,-2.145349,-0.62240058,,,
mulishness,Her MULE refusal to compromise strained relationships within the team.,intransigence,generosity,cooperation,unpredictability,,,"best, error, mulishness",,,,,,Matched (3),2,404,10.08358,0.66707069,-4.8308201,-1.616565,-1.0847991,,,
quibble,The lawyer's tendency to QUIBBLE over insignificant points annoyed the judge and the jury.,nitpick,accept,applaud,abandon,error,best,best,3,,,,,Matched (3),3,123,-0.26396489,-0.43154579,-2.0304689,-1.0137841,-0.88050032,,,
bighorn,"Rangers at the wildlife reserve are dedicated to protecting the BIGHORN, which is often targeted by poachers.",sheep,wolf,eagle,tiger,,,,,,,,,Matched (3),5,121,-0.41466191,-1.674731,-2.40713,-2.833734,3.3022349,,,
smoggy,"The air in the city was very SMOGGY, making it difficult to see the skyline.",hazy,clear,breezy,humid,,best,best,2,,,,,Matched (3),1,110,-0.26824731,-2.0556059,-2.999346,-2.363709,-0.157974,,,
drowse,"During the long lecture, several students began to DROWSE.",nod off,write,question,listen,,best,,,,,,,Matched (3),2,104,0.76799208,-0.2653406,-3.840909,-2.2172611,-1.492648,,,
krill,Scientists are studying the impact of climate change on the population of KRILL in Antarctic waters.,small shrimp,sea plants,large fish,underwater mammals,,,best,,,,,,Matched (3),3,20,-0.34873489,-2.2134731,-2.2394321,-4.1432748,1.261026,,,
electro,"The band's latest album features a wide range of genres, with a significant influence from ELECTRO music.",electronic,acoustic,jazz,classical,error,,,,,,,,Matched (3),3,112,-0.2422855,-1.115592,-2.6550021,-4.0014949,-0.86608249,,,
misspent,"The funds provided for the charity were unfortunately MISSPENT, leading to a shortage of resources.",wasted,amplified,generated,preserved,,,,,,,,,Matched (3),6,212,-0.2478219,-1.4000469,-3.0503819,-2.6606159,0.126407,,,
furl,"After the ceremony, the scouts began to FURL the flag with great care.",roll up,raise,clean,wave,,,best,,,,,,Matched (3),1,2,4.4475169,-1.202444,-3.6364181,-1.876068,-2.0004311,,,
conscientious,"Sarah was very CONSCIENTIOUS in her preparation for the exam, ensuring she reviewed all the course material thoroughly.",diligent,careless,hesitant,quick,,best,best,2,,,,,Matched (3),3,442,-0.37063631,-0.95450288,-1.02028,0.67162228,1.7615319,,,
mulishness,The project's failure was attributed to the manager's MULE stubborn refusal to consider alternative strategies.,stubbornness,kindness,expertise,compassion,,,,,,,,,Matched (3),6,404,10.08358,0.66707069,-4.8308201,-1.616565,-1.0847991,,,
arthritis,Maria often experiences joint pain and stiffness due to her ARTHRITIS.,inflammation,sprain,fracture,bruise,best,,best,2,,,,,Matched (3),2,340,-0.12660851,-1.904723,-0.84712368,-2.304491,0.4428041,,,
oxbow,"An OXBOW lake was formed when the river changed its course, leaving behind an isolated, curved body of water.",loop,spring,tributary,fjord,,,,,,,,,Matched (3),6,3,3.9361429,-0.77629578,-3.584527,-4.413981,0.34657359,,,
treble,"When the TREBLE was too high, the sound became sharp and piercing.",treble,distortion,duration,tone,none,,,,,,,,Matched (3),2,124,-0.1815047,0.99892628,-2.01633,-2.3757031,-1.142134,,,
chairman,"As the CHAIRMAN, he had the final say in all the company's major decisions.",head,employee,spectator,learner,best,,,,,,,,Matched (3),3,242,-0.1185334,-1.19092,0.41878209,-0.031857401,-0.3334876,,,
cosmology,"In his lectures, the professor discussed the principles of COSMOLOGY and how they relate to the origins of the universe.",astrophysics,geology,anthropology,archaeology,best,best,,2,,,,,Matched (3),2,332,-0.33200139,-0.91608858,-1.528409,-2.5938151,0.7309643,,,
horticultural,The university offers a variety of HORTICULTURAL programs to teach students about plant cultivation and garden management.,gardening,historical,mathematical,musical,,,,,,,,,Matched (3),6,431,-0.2615549,-1.680624,-1.854432,-1.926352,-0.73360699,,,
scald,"Be careful when pouring the boiling water, or you might SCALD yourself.",burn,injure,annoy,splash,best,,best,2,,,,,Matched (3),2,14,1.29459,0.80656302,-2.6992359,-2.331425,-1.525347,,,
adaptive,"The new management system is highly ADAPTIVE, allowing it to respond quickly to changes in the market.",flexible,rigid,resistant,passive,best,,,,,,,,Matched (3),6,241,-0.2540803,-1.635638,-1.08948,-1.1548671,-1.026734,,,
readership,Her CAREFREE attitude towards life often made her the center of attention at gatherings.,audience,staff,budget,equipment,,,error,,,,,,Matched (3),3,430,0.31258231,-1.973892,-1.804208,-2.4449971,0.4270142,,,
fanatic,"As a football FANATIC, Mark had his house decorated entirely in his team's colors.",devotee,critic,employee,neighbor,,,,,,,,,Matched (3),1,133,-0.26747099,-0.75783157,-1.133706,-0.40174481,-0.4188486,,,
shallows,The marine biologist studied the ecosystems in the SHALLOWS near the shore.,shallows,cliffs,trenches,fields,error,,,,,,,,Matched (3),1,224,-0.23383801,-0.1288913,-2.393662,-1.003582,-0.66908282,,,
blacklist,James was informed that he had been placed on a company BLACKLIST and was no longer eligible for promotions.,exclusion list,guest list,attendance sheet,menu,,,,,,,,,Matched (3),1,312,-0.29540759,-1.024977,-2.7656779,-2.0988331,0.2214148,,,
guerrilla,Training became essential for navigating the challenging tactics of GUERRILLA warfare.,insurgent,traditional,formal,orderly,low valence,,,,,,,,Matched (3),3,342,-0.33313689,-1.17221,-0.70110953,-1.929737,-0.018197101,,,
buttonhook,"While cleaning out the attic, I discovered an old BUTTONHOOK among my grandmother's belongings.",tool,photograph,letter,blanket,best,,,,,,,,Matched (3),2,400,-0.30595151,-2.28158,-4.939497,-2.975148,0.63547248,,,
carefree,Her CAREFREE attitude towards life often made her the center of attention at gatherings.,untroubled,meticulous,cautious,gloomy,,,,,,,,,Matched (3),2,232,-0.2708315,-1.257787,-1.356995,0.53463179,-0.18780109,,,
cuisine,"When traveling to different countries, it's always exciting to try the local CUISINE and experience new flavors.",dishes,landmarks,customs,traditions,best,best,,2,,,,,Matched (3),2,131,-0.27762479,-1.787961,-1.220778,-3.407022,-0.61102748,,,
jovial,Sarah's JOVIAL nature always brightens up the room.,cheerful,angry,solemn,confused,best,,,,,,,,Matched (3),6,130,0.3572045,-1.879122,-1.832177,-0.83017749,-0.6918866,,,
alternator,"After the long trip, the ALTERNATOR needed to be replaced to ensure the car's electrical system worked properly.",generator,radiator,transmission,exhaust,best,,,,,,,,Matched (3),1,420,-0.30819201,-1.872191,-1.969198,-5.0392842,0.71599817,,,
screenwriting,"SCREENWRITING requires a unique set of skills, different from those needed for writing novels or short stories.",scriptwriting,cooking,gardening,decorating,error,,,,,,,,Matched (3),2,403,-0.26634029,-0.78850579,-3.3355429,-3.0004599,0.0088337,,,
Statehood,"After years of debate and political struggle, the territory was finally granted STATEHOOD.",autonomy,legislation,infrastructure,citizenship,best,,,,,,,,Using only (2),3,0,0,0,0,0,0,,,
plainness,,,,,,,,error,,,,,,Master only (1),1,314,11.12313,-0.2049838,-3.040781,-2.5562191,-0.1642835,,,
protrusion,The rock had a small PROTRUSION that tripped several hikers.,bulge,indentation,groove,crack,,best,,,,,,,Matched (3),6,413,-0.31331891,-0.86186528,-2.84198,-3.8400431,0.47545919,,,
mulishness,"Despite numerous logical arguments, her MULE stubbornly refused to change its path due to its MULE-LIKE MANNER.",obstinacy,curiosity,flexibility,enthusiasm,,,,,,,,,Matched (3),3,404,10.08358,0.66707069,-4.8308201,-1.616565,-1.0847991,,,
connive,The employees suspected their manager was trying to CONNIVE with upper management to implement unfavorable changes secretly.,scheme,argue,collaborate,disclose,,best,,,,,,,Matched (3),2,103,-0.26315349,-0.86938512,-3.664176,-2.0236249,-0.84021032,,,
indelicate,His attempt at humor was considered INDELICATE and offended many people at the dinner.,improper,amusing,polished,intelligent,best,,,,,,,,Matched (3),1,412,-0.29936731,-0.95933622,-3.2068291,-2.4164979,0.70149249,,,
proportionate,The punishment should be PROPORTIONATE to the crime to ensure fairness.,commensurate,unrelated,unjust,heavy,best,,,,,,,,Matched (3),3,433,-0.3325581,-0.44431701,-1.646377,0.27366021,1.445199,,,
hieroglyphic,"Archeologists discovered a HIEROGLYPHIC inscription inside the pyramid, providing clues about its construction.",symbolic,simple,temporary,blank,,,,,,,,,Matched (3),6,414,-0.37601879,-0.2375336,-2.7388,-0.89305788,1.743057,,,
ravishing,The countryside view was so RAVISHING that we stopped frequently to take pictures.,breathtaking,dull,confusing,temporary,,,,,,,,,Matched (3),2,323,0.3565619,-0.67593253,-2.368639,-1.276878,-0.090618499,,,
contour,"The hiker's map showed every CONTOUR of the mountain terrain, making it easy to plan his route.",outline,peak,forest,rock,,,,,,,,,Matched (3),4,144,-0.28759351,0.49197999,-0.83968961,-0.6492542,-0.63873678,,,
heckle,"It is considered rude to HECKLE a speaker during their presentation, as it can throw them off and disturb the audience.",jeer,compliment,whisper,concentrate,,,,,,,,,Matched (3),2,113,0.63807422,-0.8503564,-2.972322,-0.79170609,-1.241866,,,
frontage,The store's charming FRONTAGE was decorated with festive lights for the holidays.,facade,sale,inventory,display,best,best,best,3,,,,,Matched (3),3,223,-0.27875519,-0.46103421,-2.41435,-3.060307,-0.2178272,,,
tsar,"During the reign of the TSAR, the nation saw significant expansion and the establishment of a strong centralized government.",monarch,general,citizen,traveler,best,best,best,3,,,,,Matched (3),3,21,0.89326721,-1.817312,-2.026294,-3.3477709,-1.858747,,,
protrusion,"Due to the PROTRUSION on the wall, hanging the painting perfectly flat was a challenge.",bump,hole,mark,artwork,best,,"best, not good",2,,,,,Matched (3),2,413,-0.31331891,-0.86186528,-2.84198,-3.8400431,0.47545919,,,
beachhead,"In the competitive market, the company sought to gain a BEACHHEAD before expanding its operations nationwide.",stronghold,decline,philosopher,flyer,,,,,,,,,Matched (3),2,322,-0.28824481,-1.039831,-2.437325,-1.92375,-0.073112398,,,
devour,"The wolves moved quickly to DEVOUR their prey, leaving nothing behind.",eat,create,protect,observe,best,,,,,,,,Matched (3),3,134,0.55286598,0.1453242,-1.417629,0.0264236,-1.0401241,,,
tote,"During the hike, they had to TOTE their supplies across rough terrain.",transport,consume,leave,inspect,,,,,,,,,Matched (3),3,33,7.4764848,-0.80139607,-1.6799819,-2.800555,-2.0980661,,,
siege,"The ancient city was under SIEGE for months, with enemy forces surrounding it completely.",blockade,vacation,appointment,restoration,,,,,,,,,Matched (3),2,42,1.2399991,-1.067807,-0.54198372,-0.71689749,-1.78505,,,
arthritis,The doctor recommended certain exercises to help alleviate the symptoms of ARTHRITIS.,inflammation,infection,dehydration,fatigue,,,,,,,,,Matched (3),4,340,-0.12660851,-1.904723,-0.84712368,-2.304491,0.4428041,,,
fusspot,"Because Martha is a FUSSPOT when it comes to cleanliness, her house is always spotless but it drives her family crazy.",fussbudget,traveler,extrovert,gambler,,,,,,,,,Matched (3),6,101,-0.35677919,-1.73809,-4.2408199,-2.802145,1.620153,,,
electro,"During the party, the DJ played a mix of house, techno, and ELECTRO tracks that kept everyone dancing all night.",electronic,funky,mellow,soulful,error,none,,,,,,,Matched (3),2,112,-0.2422855,-1.115592,-2.6550021,-4.0014949,-0.86608249,,,
ravishing,The bride looked absolutely RAVISHING in her elegant white gown.,stunning,plain,frugal,tiresome,,,best,,,,,,Matched (3),3,323,0.3565619,-0.67593253,-2.368639,-1.276878,-0.090618499,,,
lonesomeness,"After moving to a new city, Sarah often felt an overwhelming sense of LONESOMENESS.",solitude,excitement,adventure,contentment,best,best,best,3,,,,,Matched (3),6,401,-0.1599735,-1.621555,-4.5216379,-1.475298,-1.353377,,,
buttonhook,The nurse used a BUTTONHOOK to fasten the small buttons on the patient's gown.,fastener,scissors,thread,needle,,best,,,,,,,Matched (3),3,400,-0.30595151,-2.28158,-4.939497,-2.975148,0.63547248,,,
drowse,The hot summer afternoon made me want to DROWSE under the shade of the old oak tree.,nap,study,argue,jump,,,,,,,,,Matched (3),3,104,0.76799208,-0.2653406,-3.840909,-2.2172611,-1.492648,,,
uncivilized,"The explorers encountered an UNCIVILIZED tribe in the dense jungle, one that had never had contact with the outside world.",barbaric,modern,tidy,friendly,,,,,,,,,Matched (3),3,421,-0.142992,-1.708593,-1.973217,-0.94818372,1.2863261,,,
trait,John's kindness is a TRAIT that everyone admires.,characteristic,habit,detail,manner,best,best,best,3,,,,,Matched (3),1,41,1.508086,-1.588469,-0.40775961,-0.34008011,-1.716779,,,
codebook,The researchers referred to the CODEBOOK to decode the encrypted messages.,manual,guide,wrapper,tablet,,,,,,,,,Matched (3),6,204,11.84046,0.056676898,-3.736362,-4.030724,-1.861369,,,
boathouse,We decided to store our canoe in the BOATHOUSE for the winter to keep it safe.,dock,garage,barn,basement,,,,,,,,,Matched (3),3,321,-0.26764661,-1.670868,-2.0409291,-2.2896399,-0.28770381,,,
shallows,She carefully navigated her boat through the SHALLOWS to avoid getting stuck.,shallows,open sea,whirlpool,current,error,,error,,,,,,Matched (3),2,224,-0.23383801,-0.1288913,-2.393662,-1.003582,-0.66908282,,,
shallows,The marine biologist studied the ecosystems in the SHALLOWS near the shore.,shallows,cliffs,trenches,fields,error,,,,,,,,Matched (3),6,224,-0.23383801,-0.1288913,-2.393662,-1.003582,-0.66908282,,,
uppercut,His training focused on perfecting the UPPERCUT for better performance in the ring.,strike,jog,clap,bow,,,,,,,,,Matched (3),3,211,-0.29922429,-1.594432,-2.6174669,-3.5175231,0.020571699,,,
urbane,"His URBANE conversation charmed the guests at the dinner party, making him the center of attention.",refined,dull,blunt,inexperienced,,best,best,2,,,,,Matched (3),3,120,0.1370928,-1.99813,-2.3231399,-0.77313328,-1.097759,,,
indelicate,His attempt at humor was considered INDELICATE and offended many people at the dinner.,improper,amusing,polished,intelligent,best,,,,,,,,Matched (3),6,412,-0.29936731,-0.95933622,-3.2068291,-2.4164979,0.70149249,,,
wormhole,The concept of a WORMHOLE is intriguing because it suggests a direct route connecting two distant points in the universe.,gateway,obstacle,theory,sensation,,,best,,,,,,Matched (3),2,221,-0.2941111,-1.735162,-2.118541,-2.258543,-0.16423281,,,
beachhead,"The new startup successfully established a BEACHHEAD in the tech industry, which allowed it to grow rapidly.",foothold,retreat,greenery,latitude,,,,,,,,,Matched (3),4,322,-0.28824481,-1.039831,-2.437325,-1.92375,-0.073112398,,,
dustman,The GRUELING climb to the mountain's peak left the hikers completely drained of energy.,refuse collector,bus driver,baker,musician,,error,,,,,,,Matched (3),1,102,-0.2606076,-1.4441431,-4.3059978,-0.7596401,-0.1874572,,,
qualified,Only those with at least five years of experience are considered QUALIFIED for this senior position.,eligible,eager,relieved,busy,,,,,,,,,Matched (3),1,344,0.96425962,1.049781,0.42407101,0.33706129,0.075604998,,,
dustman,The GRUELING climb to the mountain's peak left the hikers completely drained of energy.,garbage collector,mailman,gardener,carpenter,,,"error, not good",,,,,,Matched (3),3,102,-0.2606076,-1.4441431,-4.3059978,-0.7596401,-0.1874572,,,
wormhole,Scientists believe that a WORMHOLE could allow faster-than-light travel by creating a shortcut through space and time.,tunnel,black hole,barrier,illusion,,,,,,,,,Matched (3),1,221,-0.2941111,-1.735162,-2.118541,-2.258543,-0.16423281,,,
paranoid,"The doctor assured her that there was nothing to worry about, but she remained PARANOID.",fearful,relaxed,cheerful,indifferent,,,,,,,,,Matched (3),3,243,0.3343578,-0.88213903,-0.83828598,-1.888139,0.0072689,,,
gumbo,"During Mardi Gras, one of the most popular dishes to enjoy is a steaming pot of GUMBO.",broth,sushi,pizza,pastry,,,,,,,,,Matched (3),1,24,0.38425121,-0.2290304,-1.924482,-3.98806,-1.130899,,,
beachhead,The army established a BEACHHEAD on the coast to ensure a safe landing for additional troops.,foothold,departure,heiress,flyer,best,,best,2,,,,,Matched (3),6,322,-0.28824481,-1.039831,-2.437325,-1.92375,-0.073112398,,,
blacklist,"The school threatened to BLACKLIST students found cheating, barring them from future events.",prohibit,invite,encourage,monitor,best,,best,2,,,,,Matched (3),2,312,-0.29540759,-1.024977,-2.7656779,-2.0988331,0.2214148,,,
uncivilized,"The villagers considered the new settlers’ behavior to be quite UNCIVILIZED, lacking any form of etiquette or decency.",rude,sophisticated,mundane,helpful,best,,,,,,,,Matched (3),1,421,-0.142992,-1.708593,-1.973217,-0.94818372,1.2863261,,,
urbane,The diplomat's URBANE manner made negotiations smoother and more pleasant.,sophisticated,rough,awkward,simplistic,best,,,,,,,,Matched (3),6,120,0.1370928,-1.99813,-2.3231399,-0.77313328,-1.097759,,,
fusspot,"Ever since he became manager, John has turned into a real FUSSPOT, always worrying about the smallest details.",perfectionist,slacker,enthusiast,optimist,best,,best,2,,,,,Matched (3),3,101,-0.35677919,-1.73809,-4.2408199,-2.802145,1.620153,,,
mousy,Her MOUSY appearance at the party made it easy for her to blend into the background.,quiet,fashionable,vibrant,eccentric,,best,,,,,,,Matched (3),3,13,0.89446092,-0.3272649,-2.6498239,-1.124418,-1.435003,,,
oxbow,"An OXBOW lake was formed when the river changed its course, leaving behind an isolated, curved body of water.",loop,spring,tributary,fjord,,,,,,,,,Matched (3),1,3,3.9361429,-0.77629578,-3.584527,-4.413981,0.34657359,,,
conscientious,His CONSCIENTIOUS approach to his work meant he could be relied upon to produce high-quality results consistently.,attentive,lazy,hasty,indifferent,,,,,,,,,Matched (3),2,442,-0.37063631,-0.95450288,-1.02028,0.67162228,1.7615319,,,
wormhole,"In the movie, the astronauts enter a WORMHOLE to explore a distant galaxy, hoping it will lead to habitable planets.",passage,crater,device,adventure,best,best,,2,,,,,Matched (3),3,221,-0.2941111,-1.735162,-2.118541,-2.258543,-0.16423281,,,
maser,The MASER technology has greatly advanced our ability to amplify microwave signals with high precision.,amplifier,recorder,generator,filter,error,,,,,,,,Matched (3),2,10,-0.33237791,-2.029043,-2.793901,-2.6734631,1.335739,,,
arthritis,ARTHRITIS can cause significant discomfort and impact the quality of life of those who suffer from it.,inflammation,congestion,abrasion,curvature,,best,,,,,,,Matched (3),6,340,-0.12660851,-1.904723,-0.84712368,-2.304491,0.4428041,,,
gumbo,"The chef is famous for his delicious GUMBO, a dish that combines various spices and seafood.",soup,pie,casserole,smoothie,,best,,,,,,,Matched (3),2,24,0.38425121,-0.2290304,-1.924482,-3.98806,-1.130899,,,
scald,The nurse warned the patient that the extremely hot compress might SCALD his skin.,blister,soothe,cleanse,soften,,,,,,,,,Matched (3),1,14,1.29459,0.80656302,-2.6992359,-2.331425,-1.525347,,,
fantastical,"The movie featured FANTASTICAL creatures and enchanted forests, captivating the audience entirely.",magical,mundane,reasonable,practical,best,best,best,3,,,,,Matched (3),3,422,-0.38629591,-1.182196,-2.2008901,-1.015232,2.322417,,,
mediator,The corporation hired an outside MEDIATOR to manage the labor disputes and ensure a peaceful resolution.,intermediary,employee,contractor,supervisor,,,,,,,,,Matched (3),2,231,-0.30773479,-1.792081,-1.3964241,-0.77936947,0.1506812,,,
gumbo,"During Mardi Gras, one of the most popular dishes to enjoy is a steaming pot of GUMBO.",broth,sushi,pizza,pastry,,,,,,,,,Matched (3),6,24,0.38425121,-0.2290304,-1.924482,-3.98806,-1.130899,,,
oxbow,"The dramatic OXBOW in the river was a favorite spot for photographers, capturing the natural beauty of its sweeping curves.",bend,ridge,island,plateau,best,best,best,3,,,,,Matched (3),3,3,3.9361429,-0.77629578,-3.584527,-4.413981,0.34657359,,,
jag,Emily went on a shopping JAG and came back with bags full of clothes.,spree,routine,project,schedule,,,,,,,,,Matched (3),2,4,12.20553,0.15818051,-4.1214519,-2.702574,-2.1945961,,,
fantastical,The child's imagination was so FANTASTICAL that he could weave stories of dragons and fairies out of thin air.,imaginative,boring,logical,typical,,,,,,,,,Matched (3),6,422,-0.38629591,-1.182196,-2.2008901,-1.015232,2.322417,,,
angelical,His ANGELICAL demeanor made him a favorite among the teachers.,pure,rude,exhausted,confused,best,,,,,,,,Matched (3),6,301,1.019376,-1.82298,-4.9739871,-3.9799359,-0.1662222,,,
tsar,"The lavish lifestyle of the TSAR was often at odds with the poverty of the peasantry, leading to growing unrest among the populace.",ruler,poet,artist,soldier,,,,,,,,,Matched (3),4,21,0.89326721,-1.817312,-2.026294,-3.3477709,-1.858747,,,
apprehensive,He was APPREHENSIVE as the deadline for the important project approached.,nervous,eager,relaxed,prepared,,,,,,,,,Matched (3),6,432,-0.34762409,-0.91998082,-1.553077,0.36933431,1.401337,,,
uncivilized,"The villagers considered the new settlers’ behavior to be quite UNCIVILIZED, lacking any form of etiquette or decency.",rude,sophisticated,mundane,helpful,best,,,,,,,,Matched (3),6,421,-0.142992,-1.708593,-1.973217,-0.94818372,1.2863261,,,
cymbal,"In the rock band's energetic finale, the drummer's rhythmic hits on the CYMBAL echoed through the stadium.",gong,microphone,bass,keyboard,,,best,,,,,,Matched (3),3,111,-0.16573361,-1.640889,-2.631809,-1.809988,-1.017489,,,
beachhead,"The new startup successfully established a BEACHHEAD in the tech industry, which allowed it to grow rapidly.",foothold,retreat,greenery,latitude,,best,,,,,,,Matched (3),3,322,-0.28824481,-1.039831,-2.437325,-1.92375,-0.073112398,,,
cymbal,"During the orchestra's performance, the percussionist struck the CYMBAL with great force, producing a loud, crashing sound.",gong,guitar,violin,trumpet,best,best,,2,,,,,Matched (3),2,111,-0.16573361,-1.640889,-2.631809,-1.809988,-1.017489,,,
paranoid,"Because he was PARANOID, he always thought his coworkers were talking behind his back.",suspicious,carefree,confident,joyful,,,,,,,,,Matched (3),2,243,0.3343578,-0.88213903,-0.83828598,-1.888139,0.0072689,,,
guardroom,The captain instructed the new recruits to report to the GUARDROOM for their assignments.,watchroom,gym,lounge,auditorium,error,,best,,,,,,Matched (3),1,302,-0.27856901,-1.398705,-4.6881781,-2.972898,0.0422123,,,
tsar,The angry dog began to GNASH its teeth at the approaching stranger.,grind,wag,lick,purr,,best,,,,,,,Matched (3),6,21,0.89326721,-1.817312,-2.026294,-3.3477709,-1.858747,,,
warden,"After months of careful planning, the WARDEN successfully implemented a new security system.",administrator,guard,janitor,technician,,,,,,,,,Matched (3),4,142,0.62585622,-1.1244251,-0.79612571,-1.023279,-1.150146,,,
carefree,"On their vacation, the couple enjoyed a CAREFREE week exploring the countryside without any set plans.",relaxed,rigorous,solemn,anxious,,,,,,,,,Matched (3),6,232,-0.2708315,-1.257787,-1.356995,0.53463179,-0.18780109,,,
slutty,,,,,,,low valence,error,,,,,,Master only (1),6,114,-0.2303949,-0.038118701,-3.1229911,-2.252095,-0.69215631,,,
womenfolk,"The festival was eagerly anticipated by the entire village, especially the WOMENFOLK who had prepared special dishes and decorations.",ladies,children,elders,merchants,,,,,,,,,Matched (3),6,310,-0.32431629,-2.1497171,-2.9336181,-2.129437,0.66396731,,,
misspent,"The funds provided for the charity were unfortunately MISSPENT, leading to a shortage of resources.",wasted,amplified,generated,preserved,,best,best,2,,,,,Matched (3),1,212,-0.2478219,-1.4000469,-3.0503819,-2.6606159,0.126407,,,
hieroglyphic,The ancient Egyptians used a complex system of HIEROGLYPHIC symbols to write on temple walls.,pictorial,numeric,modern,auditory,best,best,best,3,,,,,Matched (3),2,414,-0.37601879,-0.2375336,-2.7388,-0.89305788,1.743057,,,
phosphorescent,The artist used a PHOSPHORESCENT paint that made the artwork visible even in complete darkness.,luminous,opaque,matte,dull,,,,,,,,,Matched (3),6,410,-0.3576476,-2.32178,-2.686379,-1.421068,2.129241,,,
misspent,The politician’s term in office was criticized as being MISSPENT due to lack of significant policies.,misused,celebrated,shortened,extended,,,,,,,,,Matched (3),3,212,-0.2478219,-1.4000469,-3.0503819,-2.6606159,0.126407,,,
maser,The soldier's GALLANTRY on the battlefield earned him a prestigious medal.,bravery,clumsiness,hesitation,fear,error,,"error, gallantry",,,,,,Matched (3),4,10,-0.33237791,-2.029043,-2.793901,-2.6734631,1.335739,,,
tabernacle,,,,,,,error,,,,,,,Using only (2),6,0,0,0,0,0,0,,,
phosphorescent,The artist used a PHOSPHORESCENT paint that made the artwork visible even in complete darkness.,luminous,opaque,matte,dull,,,,,,,,,Matched (3),1,410,-0.3576476,-2.32178,-2.686379,-1.421068,2.129241,,,
heckle,"It is considered rude to HECKLE a speaker during their presentation, as it can throw them off and disturb the audience.",jeer,compliment,whisper,concentrate,,,,,,,,,Matched (3),2,113,0.63807422,-0.8503564,-2.972322,-0.79170609,-1.241866,,,
trait,One important TRAIT of a successful leader is the ability to communicate effectively.,attribute,strategy,method,tool,,,,,,,,,Matched (3),3,41,1.508086,-1.588469,-0.40775961,-0.34008011,-1.716779,,,
fanatic,"As a football FANATIC, Mark had his house decorated entirely in his team's colors.",devotee,critic,employee,neighbor,,,,,,,,,Matched (3),6,133,-0.26747099,-0.75783157,-1.133706,-0.40174481,-0.4188486,,,
Statehood,Achieving STATEHOOD meant that the region could now elect its own representatives in the federal government.,independence,population,economy,culture,,,best,,,,,,Using only (2),6,0,0,0,0,0,0,,,
jovial,Sarah's JOVIAL nature always brightens up the room.,cheerful,angry,solemn,confused,best,,,,,,,,Matched (3),1,130,0.3572045,-1.879122,-1.832177,-0.83017749,-0.6918866,,,
loquacious,Scientists are studying the impact of climate change on the population of KRILL in Antarctic waters.,talkative,silent,hesitant,indifferent,,?,"Krill, error",,,,,,Using only (2),3,0,0,0,0,0,0,,,
scrubwoman,The SCRUBWOMAN worked diligently to ensure that the office floors were spotless by morning.,cleaner,secretary,manager,designer,,,best,,,,,,Matched (3),6,402,-0.30636829,-1.224812,-4.7836251,-1.54872,1.176652,,,
plainness,,,,,,,?,error,,,,,,Master only (1),6,314,11.12313,-0.2049838,-3.040781,-2.5562191,-0.1642835,,,
leukemia,"The artist's work was known for its PLAINNESS, focusing on the subject without any distractions.",simplicity,vibrancy,detail,richness,low valence,,"error, plainness",,,,,,Matched (3),5,240,-0.31665069,-2.0527489,-1.097963,-4.2865329,0.1438029,,,
courtyard,The children played in the spacious COURTYARD until the sun went down.,enclosure,living room,balcony,alley,,,,,,,,,Matched (3),2,341,-0.30782959,-1.686005,-0.46833819,-0.76049489,0.28262949,,,
screenwriting,His passion for SCREENWRITING began when he watched his first classic film and imagined writing his own someday.,scriptwriting,acting,painting,sculpting,error,none,"best, not good",,,,,,Matched (3),1,403,-0.26634029,-0.78850579,-3.3355429,-3.0004599,0.0088337,,,
electro,"Many modern pop songs incorporate ELEMENTS of ELECTRO, making them popular in nightclubs.",electronic,classical,lyrical,narrative,error,,,,,,,,Matched (3),6,112,-0.2422855,-1.115592,-2.6550021,-4.0014949,-0.86608249,,,
codebook,The researchers referred to the CODEBOOK to decode the encrypted messages.,manual,guide,wrapper,tablet,,,,,,,,,Matched (3),1,204,11.84046,0.056676898,-3.736362,-4.030724,-1.861369,,,
tote,"During the hike, they had to TOTE their supplies across rough terrain.",transport,consume,leave,inspect,,best,,,,,,,Matched (3),3,33,7.4764848,-0.80139607,-1.6799819,-2.800555,-2.0980661,,,
oxbow,"The river carved out an OXBOW over centuries, creating a unique u-shaped bend.",meander,cliff,waterfall,delta,,,,,,,,,Matched (3),2,3,3.9361429,-0.77629578,-3.584527,-4.413981,0.34657359,,,
quibble,We shouldn't QUIBBLE about the cost when the overall quality is what really matters in the project.,argue,celebrate,predict,hesitate,error,,,,,,,,Matched (3),2,123,-0.26396489,-0.43154579,-2.0304689,-1.0137841,-0.88050032,,,
thoroughly,The inspector checked the equipment THOROUGHLY to ensure safety compliance.,comprehensively,hastily,intermittently,selectively,best,,,,,,,,Matched (3),1,443,-0.3255941,-0.57954389,0.44315171,1.278632,0.1368884,,,
lonesomeness,The old cabin in the woods was filled with an air of LONESOMENESS after the family moved out.,isolation,chaos,warmth,noise,,,,,,,,,Matched (3),2,401,-0.1599735,-1.621555,-4.5216379,-1.475298,-1.353377,,,
leukemia,"Research teams are tirelessly working to find a cure for LEUKEMIA, a devastating illness.",blood cancer,arthritis,eczema,asthma,low valence,,,,,,,,Matched (3),4,240,-0.31665069,-2.0527489,-1.097963,-4.2865329,0.1438029,,,
leukemia,"Despite the PLAINNESS of the dress, it had a certain elegance that captivated everyone.",simplicity,extravagance,colorfulness,intricacy,low valence,,"error, plainness",,,,,,Matched (3),2,240,-0.31665069,-2.0527489,-1.097963,-4.2865329,0.1438029,,,
divvy,The roommates need to DIVVY the household chores so that everyone contributes equally.,share,ignore,plan,increase,,best,best,2,,,,,Matched (3),2,11,-0.0276288,-1.5388,-3.0263779,-3.5673699,-1.386676,,,
uppercut,His training focused on perfecting the UPPERCUT for better performance in the ring.,strike,jog,clap,bow,,,,,,,,,Matched (3),3,211,-0.29922429,-1.594432,-2.6174669,-3.5175231,0.020571699,,,
shiftless,The manager noticed that Tom's SHIFTLESS attitude was affecting the team's productivity.,unmotivated,hardworking,relaxed,confident,,best,best,2,,,,,Matched (3),1,311,-0.2794365,-1.748387,-2.5975051,-0.3383114,-0.1079961,,,
prior,She had no PRIOR experience in the field but quickly learned the necessary skills.,earlier,significant,formal,urgent,best,,best,2,,,,,Matched (3),6,43,-0.098242998,-0.36258131,0.88622171,1.053866,-1.584538,,,
flatfoot,"The old FLATFOOT’s days of chasing criminals were long behind him, but he still had valuable stories to tell.",detective,thief,musician,athlete,best,best,best,3,,,,,Matched (3),1,202,-0.2466592,-1.381254,-3.907021,-2.541116,-0.0142465,,,
bayou,The family took a boat tour to explore the lush vegetation along the BAYOU.,wetland,highway,suburb,prairie,,best,best,2,,,,,Matched (3),4,30,0.0347206,-1.966273,-1.4537081,-2.4100249,-1.581982,,,
proportionate,The punishment should be PROPORTIONATE to the crime to ensure fairness.,commensurate,unrelated,unjust,heavy,best,,best,2,,,,,Matched (3),3,433,-0.3325581,-0.44431701,-1.646377,0.27366021,1.445199,,,
cuisine,"The restaurant is known for its exceptional Italian CUISINE, which includes a variety of handmade pasta and wood-fired pizzas.",food,decoration,furniture,service,,,best,,,,,,Matched (3),3,131,-0.27762479,-1.787961,-1.220778,-3.407022,-0.61102748,,,
newsgroup,The company's marketing team decided to promote their latest product on a technology NEWGROUP.,forum,report,presentation,broadcast,error,,,,,,,,Matched (3),3,313,-0.1684902,-0.53684568,-3.0395761,-3.9820509,1.509396,,,
contemporary,"As a CONTEMPORARY of Shakespeare, Christopher Marlowe shared similar themes in his plays.",peer,critic,historian,admirer,,best,best,2,,,,,Matched (3),3,444,-0.38783199,-0.0122284,0.6645453,0.12890141,2.013484,,,
angelical,His ANGELICAL demeanor made him a favorite among the teachers.,pure,rude,exhausted,confused,best,,,,,,,,Matched (3),1,301,1.019376,-1.82298,-4.9739871,-3.9799359,-0.1662222,,,
flatfoot,The detective was known on the street as a reliable FLATFOOT who could always be counted on to solve the case.,police officer,firefighter,teacher,doctor,,,,,,,,,Matched (3),3,202,-0.2466592,-1.381254,-3.907021,-2.541116,-0.0142465,,,
awestruck,The little girl was AWESTRUCK as she watched the fireworks light up the night sky.,spellbound,hungry,annoyed,sleepy,,best,best,2,,,,,Matched (3),4,320,-0.3167499,-2.070365,-2.298928,-1.195763,0.0126129,,,
protrusion,The PROTRUSION on the surface of the table made it difficult to write smoothly.,lump,depression,stain,design,,,,,,,,,Matched (3),3,413,-0.31331891,-0.86186528,-2.84198,-3.8400431,0.47545919,,,
contour,The artist carefully outlined the CONTOUR of the model's face in the sketch.,outline,shadow,color,texture,best,best,,2,,,,,Matched (3),2,144,-0.28759351,0.49197999,-0.83968961,-0.6492542,-0.63873678,,,
tsar,"During the intense argument, he could only GNASH his teeth in frustration.",grind,cheer,speak,relax,,,"best, error",,,,,,Matched (3),5,21,0.89326721,-1.817312,-2.026294,-3.3477709,-1.858747,,,
bighorn,"The national park is famous for its diverse wildlife, including the majestic BIGHORN.",sheep,deer,rabbit,fox,,best,best,2,,,,,Matched (3),4,121,-0.41466191,-1.674731,-2.40713,-2.833734,3.3022349,,,
apprehensive,Sarah felt APPREHENSIVE about her first day at the new school.,anxious,excited,confident,indifferent,,,best,,,,,,Matched (3),5,432,-0.34762409,-0.91998082,-1.553077,0.36933431,1.401337,,,
siege,"The castle endured a long SIEGE, with supplies dwindling and morale sinking.",blockade,celebration,journey,refurbishment,best,,best,2,,,,,Matched (3),3,42,1.2399991,-1.067807,-0.54198372,-0.71689749,-1.78505,,,
mediator,"During the heated debate, the MEDIATOR helped both sides come to a compromise.",arbitrator,contender,observer,speaker,best,,best,2,,,,,Matched (3),6,231,-0.30773479,-1.792081,-1.3964241,-0.77936947,0.1506812,,,
mulishness,"Despite numerous logical arguments, her MULE stubbornly refused to change its path due to its MULE-LIKE MANNER.",obstinacy,curiosity,flexibility,enthusiasm,,error,,,,,,,Matched (3),3,404,10.08358,0.66707069,-4.8308201,-1.616565,-1.0847991,,,
devour,"The wolves moved quickly to DEVOUR their prey, leaving nothing behind.",eat,create,protect,observe,best,,best,2,,,,,Matched (3),3,134,0.55286598,0.1453242,-1.417629,0.0264236,-1.0401241,,,
respiratory,The doctor diagnosed the patient with a severe RESPIRATORY infection.,breathing,digestive,circulatory,skeletal,,best,,,,,,,Matched (3),3,440,-0.1570998,-1.921657,-0.3473022,-1.827666,1.51974,,,
paranoid,His PARANOID behavior caused him to install multiple security cameras around his home.,distrustful,calm,content,exuberant,best,,,,,,,,Matched (3),6,243,0.3343578,-0.88213903,-0.83828598,-1.888139,0.0072689,,,
gallantry,,,,,,,error,error,,,,,,Master only (1),6,324,0.3305549,-0.14660791,-2.2786479,-0.96221977,0.2479472,,,
adaptive,His ADAPTIVE learning style enabled him to excel in various educational settings.,versatile,fixed,uninspired,strict,,best,best,2,,,,,Matched (3),3,241,-0.2540803,-1.635638,-1.08948,-1.1548671,-1.026734,,,
shallows,The children enjoyed playing in the SHALLOWS by the lake where the water was only ankle-deep.,shallows,depths,rapids,waves,error,none,,,,,,,Matched (3),3,224,-0.23383801,-0.1288913,-2.393662,-1.003582,-0.66908282,,,
opulence,"The OPULENCE of the banquet left all the guests in awe, with its lavish decorations and sumptuous food.",extravagance,scarcity,harmony,enthusiasm,best,,,,,,,,Matched (3),3,222,-0.27608979,-1.456144,-2.3709819,-1.408294,0.075805902,,,
seer,The SEER was consulted to predict the outcome of the king's battle plan.,prophet,soldier,leader,artist,best,best,,2,,,,,Matched (3),2,23,5.6484151,-0.32464051,-2.3000319,-1.226426,-2.234185,,,
horticultural,"She pursued a HORTICULTURAL career, focusing on landscape design and plant care.",gardening,technical,medical,artistic,best,best,best,3,,,,,Matched (3),3,431,-0.2615549,-1.680624,-1.854432,-1.926352,-0.73360699,,,
hieroglyphic,"Archeologists discovered a HIEROGLYPHIC inscription inside the pyramid, providing clues about its construction.",symbolic,simple,temporary,blank,,,,,,,,,Matched (3),1,414,-0.37601879,-0.2375336,-2.7388,-0.89305788,1.743057,,,
contemporary,The gallery showcases CONTEMPORARY artworks from various modern artists.,modern,ancient,traditional,classical,,,,,,,,,Matched (3),1,444,-0.38783199,-0.0122284,0.6645453,0.12890141,2.013484,,,
cosmology,She decided to major in COSMOLOGY to explore the fundamental questions about the universe's origin and structure.,astrophysics,botany,musicology,economics,,,best,,,,,,Matched (3),3,332,-0.33200139,-0.91608858,-1.528409,-2.5938151,0.7309643,,,
guerrilla,The soldiers were ambushed by a group of GUERRILLA fighters hiding in the forest.,insurgent,disciplined,regular,powerful,low valence,best,best,2,,,,,Matched (3),2,342,-0.33313689,-1.17221,-0.70110953,-1.929737,-0.018197101,,,
residency,"After graduating from medical school, she began her RESIDENCY at a major hospital in Boston.",training,vacation,seminar,excursion,,,,,,,,,Matched (3),3,343,-0.1147114,-0.80103987,-1.0924129,-1.484846,0.297961,,,
glum,"After hearing the bad news, she had a very GLUM expression on her face.",sad,happy,curious,excited,best,,best,2,,,,,Matched (3),2,22,2.5134561,-0.93412977,-2.116667,-0.75670159,-1.780383,,,
shallows,The children enjoyed playing in the SHALLOWS by the lake where the water was only ankle-deep.,shallows,depths,rapids,waves,error,,,,,,,,Matched (3),3,224,-0.23383801,-0.1288913,-2.393662,-1.003582,-0.66908282,,,
perkiness,"Thanks to the coffee, Mark's PERKINESS returned, making him much more productive at work.",energy,exhaustion,boredom,irritation,best,,,,,,,,Matched (3),1,303,2.112375,-0.82512653,-3.8704841,-3.2778621,-1.010304,,,
larval,"In the aquarium, the fish are in their LARVAL form, requiring special care and feeding.",immature,developed,ancient,final,,,best,,,,,,Matched (3),1,122,0.41066369,-1.021612,-2.038965,-3.3829,-1.004505,,,
shiftless,Many saw Andrea as SHIFTLESS because she often avoided completing her tasks.,idle,diligent,irritated,curious,best,,,,,,,,Matched (3),3,311,-0.2794365,-1.748387,-2.5975051,-0.3383114,-0.1079961,,,
bile,The BILE secreted by the liver is essential for the digestion of fats.,fluid,enzyme,hormone,vitamin,best,,,,,,,,Matched (3),4,32,9.9766979,-1.16453,-1.22528,-2.910171,-2.1054249,,,
camion,The workers used a large CAMION to transport the construction materials to the site.,truck,vehicle,tool,machine,,,best,,,,,,Matched (3),3,100,-0.2961998,-1.921082,-4.548708,-4.2347031,0.1059327,,,
flatfoot,The detective was known on the street as a reliable FLATFOOT who could always be counted on to solve the case.,police officer,firefighter,teacher,doctor,,,,,,,,,Matched (3),3,202,-0.2466592,-1.381254,-3.907021,-2.541116,-0.0142465,,,
apprehensive,He was APPREHENSIVE as the deadline for the important project approached.,nervous,eager,relaxed,prepared,,best,,,,,,,Matched (3),1,432,-0.34762409,-0.91998082,-1.553077,0.36933431,1.401337,,,
urbane,"Despite the chaotic environment, she managed to maintain an URBANE demeanor that impressed everyone.",cultured,clumsy,naive,brash,,,,,,,,,Matched (3),2,120,0.1370928,-1.99813,-2.3231399,-0.77313328,-1.097759,,,
paranoid,His PARANOID behavior caused him to install multiple security cameras around his home.,distrustful,calm,content,exuberant,best,,best,2,,,,,Matched (3),1,243,0.3343578,-0.88213903,-0.83828598,-1.888139,0.0072689,,,
prior,He had a PRIOR engagement and could not attend the meeting.,previous,special,casual,tentative,,best,,,,,,,Matched (3),2,43,-0.098242998,-0.36258131,0.88622171,1.053866,-1.584538,,,
fatality,The construction site was closed after a tragic FATALITY occurred yesterday.,demise,meeting,conference,enhancement,low valence,,,,,,,,Matched (3),3,233,-0.2953181,-0.50554347,-1.753395,-1.673229,0.088079698,,,
chairman,"As the CHAIRMAN, he had the final say in all the company's major decisions.",head,employee,spectator,learner,best,,,,,,,,Matched (3),3,242,-0.1185334,-1.19092,0.41878209,-0.031857401,-0.3334876,,,
thoroughly,"After cleaning the house THOROUGHLY, she was exhausted but satisfied with the result.",completely,partially,randomly,quickly,,best,best,2,,,,,Matched (3),3,443,-0.3255941,-0.57954389,0.44315171,1.278632,0.1368884,,,
lethal,The detectives found that the suspect used a LETHAL dose of poison in the crime.,fatal,ineffective,harmless,beneficial,low valence,,best,,,,,,Matched (3),2,140,-0.24656171,-1.909003,-0.7158286,-0.34009531,-1.0112211,,,
indelicate,The sudden and INDELICATE comment she made left everyone in the room speechless.,tactless,humorous,heartfelt,friendly,,,best,,,,,,Matched (3),2,412,-0.29936731,-0.95933622,-3.2068291,-2.4164979,0.70149249,,,
perkiness,"Despite the early hour, Sarah's PERKINESS brightened everyone's spirits at the morning meeting.",cheerfulness,sadness,laziness,anger,,,,,,,,,Matched (3),2,303,2.112375,-0.82512653,-3.8704841,-3.2778621,-1.010304,,,
samarium,"Due to its capacity to absorb neutrons, SAMARIUM is often utilized in control rods for nuclear reactors.",material,design,structure,calculation,none,,,,,,,,Matched (3),2,200,-0.3002333,-2.054909,-4.881928,-4.672986,0.65956962,,,
revealer,"In her speech, the whistleblower became the REVEALER of the company's fraudulent activities.",exposer,announcer,defender,admirer,best,,,,,,,,Matched (3),3,203,0.34346351,-0.29340589,-3.548661,-3.526083,-0.21713629,,,
divvy,The team leader asked everyone to DIVVY the workload to ensure the project meets its deadline.,apportion,delay,create,understand,,,,,,,,,Matched (3),3,11,-0.0276288,-1.5388,-3.0263779,-3.5673699,-1.386676,,,
warden,"The ancient cliff dwellings were composed of soft, easily eroded SANDSTONE.",sedimentary rock,granite,marble,quartz,,,,,,,,,Matched (3),5,142,0.62585622,-1.1244251,-0.79612571,-1.023279,-1.150146,,,
mousy,Jake's MOUSY demeanor in the meetings led his colleagues to underestimate his capabilities.,shy,assertive,aggressive,talkative,best,,,,,,,,Matched (3),2,13,0.89446092,-0.3272649,-2.6498239,-1.124418,-1.435003,,,
fairlead,The FAIRLEAD was crucial in keeping the cable aligned and prevented it from getting tangled.,conduit,net,hull,rudder,,,,,,,,,Matched (3),2,201,-0.1886946,-1.80564,-4.6749678,-2.15169,-1.2429529,,,
horticultural,The HORTICULTURAL society held a flower show that attracted garden enthusiasts from all over the city.,gardening,literary,athletic,industrial,,,,,,,,,Matched (3),2,431,-0.2615549,-1.680624,-1.854432,-1.926352,-0.73360699,,,
uncivilized,The early settlers faced harsh conditions and had to resort to what some would call UNCIVILIZED methods to survive in the new land.,savage,ethical,cautious,pleasant,,best,best,2,,,,,Matched (3),2,421,-0.142992,-1.708593,-1.973217,-0.94818372,1.2863261,,,
trine,"During the TRINE, the three celestial bodies formed a perfect triangle, mesmerizing everyone at the observatory.",configuration,alignment,disturbance,chaos,,,,,,,,,Matched (3),3,1,-0.2784304,-1.69938,-4.7801962,-3.144105,-0.17243171,,,
dethrone,"After a series of defeats, the once-mighty king was finally DETHRONED by his enemies.",removed,celebrated,assisted,reinforced,,,best,,,,,,Matched (3),3,210,-0.2941294,-1.885605,-2.9452879,-0.86619103,-0.20166969,,,
treble,The audio engineer boosted the TREBLE to make the vocals clearer in the mix.,high-pitched,volume,balance,harmony,none,,,,,,,,Matched (3),6,124,-0.1815047,0.99892628,-2.01633,-2.3757031,-1.142134,,,
trine,"Astrologers believe that when a TRINE occurs, it often signifies a period of harmony and balance.",conjunction,conflict,separation,growth,,,,,,,,,Matched (3),1,1,-0.2784304,-1.69938,-4.7801962,-3.144105,-0.17243171,,,